$MeshFormat
4.1 0 8
$EndMeshFormat
$PhysicalNames
34
0 3101 "Left edge 1"
0 3102 "Left edge 2"
0 3103 "Left edge 3"
0 3104 "Left edge 4"
0 3105 "Left edge 5"
0 3106 "Left edge 6"
0 3107 "Left edge 7"
0 3108 "Left edge 8"
0 3201 "Right edge 1"
0 3202 "Right edge 2"
0 3203 "Right edge 3"
0 3204 "Right edge 4"
0 3205 "Right edge 5"
0 3206 "Right edge 6"
0 3207 "Right edge 7"
0 3208 "Right edge 8"
0 11000 "Arbitrary Point"
1 3000 "Shells common line"
1 3001 "Conducting domain 1"
1 3002 "Conducting domain 2"
1 3003 "Conducting domain 3"
1 3004 "Conducting domain 4"
1 3005 "Conducting domain 5"
1 3006 "Conducting domain 6"
1 3007 "Conducting domain 7"
1 3008 "Conducting domain 8"
1 9000 "Cut"
1 13000 "Symmetry line"
1 13500 "Symmetry line material"
1 25000 "Conducting domain boundary"
1 26000 "Positive side of bnds"
1 14000000 "Exterior boundary"
2 1000 "Air"
2 2000 "Spherical shell"
$EndPhysicalNames
$Entities
21 12 1 0
2 0 -0.06 0 1 11000 
4 0.06 0 0 0 
6 0 0.06 0 0 
8 -0.06 0 0 0 
100 0 0 0 0 
200 -0.006 0 0 1 3101 
201 0.006 0 0 1 3201 
202 -0.006 0.00015 0 1 3102 
203 0.006 0.00015 0 1 3202 
204 -0.006 0.0003 0 1 3103 
205 0.006 0.0003 0 1 3203 
206 -0.006 0.00045 0 1 3104 
207 0.006 0.00045 0 1 3204 
208 -0.006 0.0005999999999999999 0 1 3105 
209 0.006 0.0005999999999999999 0 1 3205 
210 -0.006 0.0007499999999999999 0 1 3106 
211 0.006 0.0007499999999999999 0 1 3206 
212 -0.006 0.0009 0 1 3107 
213 0.006 0.0009 0 1 3207 
214 -0.006 0.00105 0 1 3108 
215 0.006 0.00105 0 1 3208 
2 0 -0.06 0 0.06 -3.469446951953614e-18 0 1 14000000 2 2 -4 
4 3.469446951953614e-18 0 0 0.06 0.06 0 1 14000000 2 4 -6 
6 -0.06 3.469446951953614e-18 0 0 0.06 0 1 14000000 2 6 -8 
8 -0.06 -0.06 0 -3.469446951953614e-18 0 0 1 14000000 2 8 -2 
10 -0.006 0 0 0.006 0 0 2 3001 25000 2 200 -201 
11 -0.006 0.00015 0 0.006 0.00015 0 2 3002 25000 2 202 -203 
12 -0.006 0.0003 0 0.006 0.0003 0 2 3003 25000 2 204 -205 
13 -0.006 0.00045 0 0.006 0.00045 0 2 3004 25000 2 206 -207 
14 -0.006 0.0005999999999999999 0 0.006 0.0005999999999999999 0 2 3005 25000 2 208 -209 
15 -0.006 0.0007499999999999999 0 0.006 0.0007499999999999999 0 2 3006 25000 2 210 -211 
16 -0.006 0.0009 0 0.006 0.0009 0 2 3007 25000 2 212 -213 
17 -0.006 0.00105 0 0.006 0.00105 0 2 3008 25000 2 214 -215 
2 -0.06 -0.06 0 0.06 0.06 0 1 1000 12 2 4 6 8 27 28 29 30 31 32 33 34 
$EndEntities
$Nodes
33 1239 1 1239
0 2 0 1
1
0 -0.06 0
0 4 0 1
2
0.06 0 0
0 6 0 1
3
0 0.06 0
0 8 0 1
4
-0.06 0 0
0 200 0 1
5
-0.006 0 0
0 201 0 1
6
0.006 0 0
0 202 0 1
7
-0.006 0.00015 0
0 203 0 1
8
0.006 0.00015 0
0 204 0 1
9
-0.006 0.0003 0
0 205 0 1
10
0.006 0.0003 0
0 206 0 1
11
-0.006 0.00045 0
0 207 0 1
12
0.006 0.00045 0
0 208 0 1
13
-0.006 0.0005999999999999999 0
0 209 0 1
14
0.006 0.0005999999999999999 0
0 210 0 1
15
-0.006 0.0007499999999999999 0
0 211 0 1
16
0.006 0.0007499999999999999 0
0 212 0 1
17
-0.006 0.0009 0
0 213 0 1
18
0.006 0.0009 0
0 214 0 1
19
-0.006 0.00105 0
0 215 0 1
20
0.006 0.00105 0
1 2 0 7
21
22
23
24
25
26
27
0.01170541935048073 -0.05884711681832332 0
0.02296100600511103 -0.05543277192449656 0
0.0333342140673021 -0.04988817668060518 0
0.04242640696838842 -0.04242640677399728 0
0.04988817679465848 -0.03333421389660926 0
0.05543277197958579 -0.02296100587211389 0
0.05884711683165494 -0.01170541928345815 0
1 4 0 7
28
29
30
31
32
33
34
0.05884711681832332 0.01170541935048073 0
0.05543277192449656 0.02296100600511103 0
0.04988817668060518 0.0333342140673021 0
0.04242640677399728 0.04242640696838842 0
0.03333421389660926 0.04988817679465848 0
0.02296100587211389 0.05543277197958579 0
0.01170541928345815 0.05884711683165494 0
1 6 0 7
35
36
37
38
39
40
41
-0.01170541935048073 0.05884711681832332 0
-0.02296100600511103 0.05543277192449656 0
-0.0333342140673021 0.04988817668060518 0
-0.04242640696838842 0.04242640677399728 0
-0.04988817679465848 0.03333421389660926 0
-0.05543277197958579 0.02296100587211389 0
-0.05884711683165494 0.01170541928345815 0
1 8 0 7
42
43
44
45
46
47
48
-0.05884711681832332 -0.01170541935048073 0
-0.05543277192449656 -0.02296100600511103 0
-0.04988817668060518 -0.0333342140673021 0
-0.04242640677399728 -0.04242640696838842 0
-0.03333421389660926 -0.04988817679465848 0
-0.02296100587211389 -0.05543277197958579 0
-0.01170541928345815 -0.05884711683165494 0
1 10 0 48
49
50
51
52
53
54
55
56
57
58
59
60
61
62
63
64
65
66
67
68
69
70
71
72
73
74
75
76
77
78
79
80
81
82
83
84
85
86
87
88
89
90
91
92
93
94
95
96
-0.005755102040817087 0 0
-0.00551020408163359 0 0
-0.005265306122450245 0 0
-0.005020408163267332 0 0
-0.004775510204084419 0 0
-0.004530612244901222 0 0
-0.004285714285717916 0 0
-0.004040816326535002 0 0
-0.003795918367352046 0 0
-0.003551020408169007 0 0
-0.003306122448986032 0 0
-0.003061224489803012 0 0
-0.002816326530620098 0 0
-0.002571428571437016 0 0
-0.002326530612254088 0 0
-0.002081632653071021 0 0
-0.001836734693888107 0 0
-0.001591836734705192 0 0
-0.001346938775521942 0 0
-0.00110204081633903 0 0
-0.0008571428571561178 0 0
-0.0006122448979732041 0 0
-0.0003673469387899522 0 0
-0.0001224489796070394 0 0
0.0001224489795767598 0 0
0.0003673469387612876 0 0
0.0006122448979450999 0 0
0.0008571428571294542 0 0
0.001102040816314136 0 0
0.001346938775498525 0 0
0.001591836734682325 0 0
0.001836734693866493 0 0
0.002081632653051176 0 0
0.002326530612235859 0 0
0.002571428571420542 0 0
0.002816326530604858 0 0
0.003061224489787769 0 0
0.0033061224489712 0 0
0.003551020408155883 0 0
0.003795918367340567 0 0
0.00404081632652525 0 0
0.004285714285709931 0 0
0.004530612244894615 0 0
0.004775510204079297 0 0
0.00502040816326259 0 0
0.005265306122445952 0 0
0.005510204081630636 0 0
0.005755102040815316 0 0
1 11 0 48
97
98
99
100
101
102
103
104
105
106
107
108
109
110
111
112
113
114
115
116
117
118
119
120
121
122
123
124
125
126
127
128
129
130
131
132
133
134
135
136
137
138
139
140
141
142
143
144
-0.005755102040817087 0.00015 0
-0.00551020408163359 0.00015 0
-0.005265306122450245 0.00015 0
-0.005020408163267332 0.00015 0
-0.004775510204084419 0.00015 0
-0.004530612244901222 0.00015 0
-0.004285714285717916 0.00015 0
-0.004040816326535002 0.00015 0
-0.003795918367352046 0.00015 0
-0.003551020408169007 0.00015 0
-0.003306122448986032 0.00015 0
-0.003061224489803012 0.00015 0
-0.002816326530620098 0.00015 0
-0.002571428571437016 0.00015 0
-0.002326530612254088 0.00015 0
-0.002081632653071021 0.00015 0
-0.001836734693888107 0.00015 0
-0.001591836734705192 0.00015 0
-0.001346938775521942 0.00015 0
-0.00110204081633903 0.00015 0
-0.0008571428571561178 0.00015 0
-0.0006122448979732041 0.00015 0
-0.0003673469387899522 0.00015 0
-0.0001224489796070394 0.00015 0
0.0001224489795767598 0.00015 0
0.0003673469387612876 0.00015 0
0.0006122448979450999 0.00015 0
0.0008571428571294542 0.00015 0
0.001102040816314136 0.00015 0
0.001346938775498525 0.00015 0
0.001591836734682325 0.00015 0
0.001836734693866493 0.00015 0
0.002081632653051176 0.00015 0
0.002326530612235859 0.00015 0
0.002571428571420542 0.00015 0
0.002816326530604858 0.00015 0
0.003061224489787769 0.00015 0
0.0033061224489712 0.00015 0
0.003551020408155883 0.00015 0
0.003795918367340567 0.00015 0
0.00404081632652525 0.00015 0
0.004285714285709931 0.00015 0
0.004530612244894615 0.00015 0
0.004775510204079297 0.00015 0
0.00502040816326259 0.00015 0
0.005265306122445952 0.00015 0
0.005510204081630636 0.00015 0
0.005755102040815316 0.00015 0
1 12 0 48
145
146
147
148
149
150
151
152
153
154
155
156
157
158
159
160
161
162
163
164
165
166
167
168
169
170
171
172
173
174
175
176
177
178
179
180
181
182
183
184
185
186
187
188
189
190
191
192
-0.005755102040817087 0.0003 0
-0.00551020408163359 0.0003 0
-0.005265306122450245 0.0003 0
-0.005020408163267332 0.0003 0
-0.004775510204084419 0.0003 0
-0.004530612244901222 0.0003 0
-0.004285714285717916 0.0003 0
-0.004040816326535002 0.0003 0
-0.003795918367352046 0.0003 0
-0.003551020408169007 0.0003 0
-0.003306122448986032 0.0003 0
-0.003061224489803012 0.0003 0
-0.002816326530620098 0.0003 0
-0.002571428571437016 0.0003 0
-0.002326530612254088 0.0003 0
-0.002081632653071021 0.0003 0
-0.001836734693888107 0.0003 0
-0.001591836734705192 0.0003 0
-0.001346938775521942 0.0003 0
-0.00110204081633903 0.0003 0
-0.0008571428571561178 0.0003 0
-0.0006122448979732041 0.0003 0
-0.0003673469387899522 0.0003 0
-0.0001224489796070394 0.0003 0
0.0001224489795767598 0.0003 0
0.0003673469387612876 0.0003 0
0.0006122448979450999 0.0003 0
0.0008571428571294542 0.0003 0
0.001102040816314136 0.0003 0
0.001346938775498525 0.0003 0
0.001591836734682325 0.0003 0
0.001836734693866493 0.0003 0
0.002081632653051176 0.0003 0
0.002326530612235859 0.0003 0
0.002571428571420542 0.0003 0
0.002816326530604858 0.0003 0
0.003061224489787769 0.0003 0
0.0033061224489712 0.0003 0
0.003551020408155883 0.0003 0
0.003795918367340567 0.0003 0
0.00404081632652525 0.0003 0
0.004285714285709931 0.0003 0
0.004530612244894615 0.0003 0
0.004775510204079297 0.0003 0
0.00502040816326259 0.0003 0
0.005265306122445952 0.0003 0
0.005510204081630636 0.0003 0
0.005755102040815316 0.0003 0
1 13 0 48
193
194
195
196
197
198
199
200
201
202
203
204
205
206
207
208
209
210
211
212
213
214
215
216
217
218
219
220
221
222
223
224
225
226
227
228
229
230
231
232
233
234
235
236
237
238
239
240
-0.005755102040817087 0.00045 0
-0.00551020408163359 0.00045 0
-0.005265306122450245 0.00045 0
-0.005020408163267332 0.00045 0
-0.004775510204084419 0.00045 0
-0.004530612244901222 0.00045 0
-0.004285714285717916 0.00045 0
-0.004040816326535002 0.00045 0
-0.003795918367352046 0.00045 0
-0.003551020408169007 0.00045 0
-0.003306122448986032 0.00045 0
-0.003061224489803012 0.00045 0
-0.002816326530620098 0.00045 0
-0.002571428571437016 0.00045 0
-0.002326530612254088 0.00045 0
-0.002081632653071021 0.00045 0
-0.001836734693888107 0.00045 0
-0.001591836734705192 0.00045 0
-0.001346938775521942 0.00045 0
-0.00110204081633903 0.00045 0
-0.0008571428571561178 0.00045 0
-0.0006122448979732041 0.00045 0
-0.0003673469387899522 0.00045 0
-0.0001224489796070394 0.00045 0
0.0001224489795767598 0.00045 0
0.0003673469387612876 0.00045 0
0.0006122448979450999 0.00045 0
0.0008571428571294542 0.00045 0
0.001102040816314136 0.00045 0
0.001346938775498525 0.00045 0
0.001591836734682325 0.00045 0
0.001836734693866493 0.00045 0
0.002081632653051176 0.00045 0
0.002326530612235859 0.00045 0
0.002571428571420542 0.00045 0
0.002816326530604858 0.00045 0
0.003061224489787769 0.00045 0
0.0033061224489712 0.00045 0
0.003551020408155883 0.00045 0
0.003795918367340567 0.00045 0
0.00404081632652525 0.00045 0
0.004285714285709931 0.00045 0
0.004530612244894615 0.00045 0
0.004775510204079297 0.00045 0
0.00502040816326259 0.00045 0
0.005265306122445952 0.00045 0
0.005510204081630636 0.00045 0
0.005755102040815316 0.00045 0
1 14 0 48
241
242
243
244
245
246
247
248
249
250
251
252
253
254
255
256
257
258
259
260
261
262
263
264
265
266
267
268
269
270
271
272
273
274
275
276
277
278
279
280
281
282
283
284
285
286
287
288
-0.005755102040817087 0.0005999999999999999 0
-0.00551020408163359 0.0005999999999999999 0
-0.005265306122450245 0.0005999999999999999 0
-0.005020408163267332 0.0005999999999999999 0
-0.004775510204084419 0.0005999999999999999 0
-0.004530612244901222 0.0005999999999999999 0
-0.004285714285717916 0.0005999999999999999 0
-0.004040816326535002 0.0005999999999999999 0
-0.003795918367352046 0.0005999999999999999 0
-0.003551020408169007 0.0005999999999999999 0
-0.003306122448986032 0.0005999999999999999 0
-0.003061224489803012 0.0005999999999999999 0
-0.002816326530620098 0.0005999999999999999 0
-0.002571428571437016 0.0005999999999999999 0
-0.002326530612254088 0.0005999999999999999 0
-0.002081632653071021 0.0005999999999999999 0
-0.001836734693888107 0.0005999999999999999 0
-0.001591836734705192 0.0005999999999999999 0
-0.001346938775521942 0.0005999999999999999 0
-0.00110204081633903 0.0005999999999999999 0
-0.0008571428571561178 0.0005999999999999999 0
-0.0006122448979732041 0.0005999999999999999 0
-0.0003673469387899522 0.0005999999999999999 0
-0.0001224489796070394 0.0005999999999999999 0
0.0001224489795767598 0.0005999999999999999 0
0.0003673469387612876 0.0005999999999999999 0
0.0006122448979450999 0.0005999999999999999 0
0.0008571428571294542 0.0005999999999999999 0
0.001102040816314136 0.0005999999999999999 0
0.001346938775498525 0.0005999999999999999 0
0.001591836734682325 0.0005999999999999999 0
0.001836734693866493 0.0005999999999999999 0
0.002081632653051176 0.0005999999999999999 0
0.002326530612235859 0.0005999999999999999 0
0.002571428571420542 0.0005999999999999999 0
0.002816326530604858 0.0005999999999999999 0
0.003061224489787769 0.0005999999999999999 0
0.0033061224489712 0.0005999999999999999 0
0.003551020408155883 0.0005999999999999999 0
0.003795918367340567 0.0005999999999999999 0
0.00404081632652525 0.0005999999999999999 0
0.004285714285709931 0.0005999999999999999 0
0.004530612244894615 0.0005999999999999999 0
0.004775510204079297 0.0005999999999999999 0
0.00502040816326259 0.0005999999999999999 0
0.005265306122445952 0.0005999999999999999 0
0.005510204081630636 0.0005999999999999999 0
0.005755102040815316 0.0005999999999999999 0
1 15 0 48
289
290
291
292
293
294
295
296
297
298
299
300
301
302
303
304
305
306
307
308
309
310
311
312
313
314
315
316
317
318
319
320
321
322
323
324
325
326
327
328
329
330
331
332
333
334
335
336
-0.005755102040817087 0.0007499999999999999 0
-0.00551020408163359 0.0007499999999999999 0
-0.005265306122450245 0.0007499999999999999 0
-0.005020408163267332 0.0007499999999999999 0
-0.004775510204084419 0.0007499999999999999 0
-0.004530612244901222 0.0007499999999999999 0
-0.004285714285717916 0.0007499999999999999 0
-0.004040816326535002 0.0007499999999999999 0
-0.003795918367352046 0.0007499999999999999 0
-0.003551020408169007 0.0007499999999999999 0
-0.003306122448986032 0.0007499999999999999 0
-0.003061224489803012 0.0007499999999999999 0
-0.002816326530620098 0.0007499999999999999 0
-0.002571428571437016 0.0007499999999999999 0
-0.002326530612254088 0.0007499999999999999 0
-0.002081632653071021 0.0007499999999999999 0
-0.001836734693888107 0.0007499999999999999 0
-0.001591836734705192 0.0007499999999999999 0
-0.001346938775521942 0.0007499999999999999 0
-0.00110204081633903 0.0007499999999999999 0
-0.0008571428571561178 0.0007499999999999999 0
-0.0006122448979732041 0.0007499999999999999 0
-0.0003673469387899522 0.0007499999999999999 0
-0.0001224489796070394 0.0007499999999999999 0
0.0001224489795767598 0.0007499999999999999 0
0.0003673469387612876 0.0007499999999999999 0
0.0006122448979450999 0.0007499999999999999 0
0.0008571428571294542 0.0007499999999999999 0
0.001102040816314136 0.0007499999999999999 0
0.001346938775498525 0.0007499999999999999 0
0.001591836734682325 0.0007499999999999999 0
0.001836734693866493 0.0007499999999999999 0
0.002081632653051176 0.0007499999999999999 0
0.002326530612235859 0.0007499999999999999 0
0.002571428571420542 0.0007499999999999999 0
0.002816326530604858 0.0007499999999999999 0
0.003061224489787769 0.0007499999999999999 0
0.0033061224489712 0.0007499999999999999 0
0.003551020408155883 0.0007499999999999999 0
0.003795918367340567 0.0007499999999999999 0
0.00404081632652525 0.0007499999999999999 0
0.004285714285709931 0.0007499999999999999 0
0.004530612244894615 0.0007499999999999999 0
0.004775510204079297 0.0007499999999999999 0
0.00502040816326259 0.0007499999999999999 0
0.005265306122445952 0.0007499999999999999 0
0.005510204081630636 0.0007499999999999999 0
0.005755102040815316 0.0007499999999999999 0
1 16 0 48
337
338
339
340
341
342
343
344
345
346
347
348
349
350
351
352
353
354
355
356
357
358
359
360
361
362
363
364
365
366
367
368
369
370
371
372
373
374
375
376
377
378
379
380
381
382
383
384
-0.005755102040817087 0.0009 0
-0.00551020408163359 0.0009 0
-0.005265306122450245 0.0009 0
-0.005020408163267332 0.0009 0
-0.004775510204084419 0.0009 0
-0.004530612244901222 0.0009 0
-0.004285714285717916 0.0009 0
-0.004040816326535002 0.0009 0
-0.003795918367352046 0.0009 0
-0.003551020408169007 0.0009 0
-0.003306122448986032 0.0009 0
-0.003061224489803012 0.0009 0
-0.002816326530620098 0.0009 0
-0.002571428571437016 0.0009 0
-0.002326530612254088 0.0009 0
-0.002081632653071021 0.0009 0
-0.001836734693888107 0.0009 0
-0.001591836734705192 0.0009 0
-0.001346938775521942 0.0009 0
-0.00110204081633903 0.0009 0
-0.0008571428571561178 0.0009 0
-0.0006122448979732041 0.0009 0
-0.0003673469387899522 0.0009 0
-0.0001224489796070394 0.0009 0
0.0001224489795767598 0.0009 0
0.0003673469387612876 0.0009 0
0.0006122448979450999 0.0009 0
0.0008571428571294542 0.0009 0
0.001102040816314136 0.0009 0
0.001346938775498525 0.0009 0
0.001591836734682325 0.0009 0
0.001836734693866493 0.0009 0
0.002081632653051176 0.0009 0
0.002326530612235859 0.0009 0
0.002571428571420542 0.0009 0
0.002816326530604858 0.0009 0
0.003061224489787769 0.0009 0
0.0033061224489712 0.0009 0
0.003551020408155883 0.0009 0
0.003795918367340567 0.0009 0
0.00404081632652525 0.0009 0
0.004285714285709931 0.0009 0
0.004530612244894615 0.0009 0
0.004775510204079297 0.0009 0
0.00502040816326259 0.0009 0
0.005265306122445952 0.0009 0
0.005510204081630636 0.0009 0
0.005755102040815316 0.0009 0
1 17 0 48
385
386
387
388
389
390
391
392
393
394
395
396
397
398
399
400
401
402
403
404
405
406
407
408
409
410
411
412
413
414
415
416
417
418
419
420
421
422
423
424
425
426
427
428
429
430
431
432
-0.005755102040817087 0.00105 0
-0.00551020408163359 0.00105 0
-0.005265306122450245 0.00105 0
-0.005020408163267332 0.00105 0
-0.004775510204084419 0.00105 0
-0.004530612244901222 0.00105 0
-0.004285714285717916 0.00105 0
-0.004040816326535002 0.00105 0
-0.003795918367352046 0.00105 0
-0.003551020408169007 0.00105 0
-0.003306122448986032 0.00105 0
-0.003061224489803012 0.00105 0
-0.002816326530620098 0.00105 0
-0.002571428571437016 0.00105 0
-0.002326530612254088 0.00105 0
-0.002081632653071021 0.00105 0
-0.001836734693888107 0.00105 0
-0.001591836734705192 0.00105 0
-0.001346938775521942 0.00105 0
-0.00110204081633903 0.00105 0
-0.0008571428571561178 0.00105 0
-0.0006122448979732041 0.00105 0
-0.0003673469387899522 0.00105 0
-0.0001224489796070394 0.00105 0
0.0001224489795767598 0.00105 0
0.0003673469387612876 0.00105 0
0.0006122448979450999 0.00105 0
0.0008571428571294542 0.00105 0
0.001102040816314136 0.00105 0
0.001346938775498525 0.00105 0
0.001591836734682325 0.00105 0
0.001836734693866493 0.00105 0
0.002081632653051176 0.00105 0
0.002326530612235859 0.00105 0
0.002571428571420542 0.00105 0
0.002816326530604858 0.00105 0
0.003061224489787769 0.00105 0
0.0033061224489712 0.00105 0
0.003551020408155883 0.00105 0
0.003795918367340567 0.00105 0
0.00404081632652525 0.00105 0
0.004285714285709931 0.00105 0
0.004530612244894615 0.00105 0
0.004775510204079297 0.00105 0
0.00502040816326259 0.00105 0
0.005265306122445952 0.00105 0
0.005510204081630636 0.00105 0
0.005755102040815316 0.00105 0
2 2 0 807
433
434
435
436
437
438
439
440
441
442
443
444
445
446
447
448
449
450
451
452
453
454
455
456
457
458
459
460
461
462
463
464
465
466
467
468
469
470
471
472
473
474
475
476
477
478
479
480
481
482
483
484
485
486
487
488
489
490
491
492
493
494
495
496
497
498
499
500
501
502
503
504
505
506
507
508
509
510
511
512
513
514
515
516
517
518
519
520
521
522
523
524
525
526
527
528
529
530
531
532
533
534
535
536
537
538
539
540
541
542
543
544
545
546
547
548
549
550
551
552
553
554
555
556
557
558
559
560
561
562
563
564
565
566
567
568
569
570
571
572
573
574
575
576
577
578
579
580
581
582
583
584
585
586
587
588
589
590
591
592
593
594
595
596
597
598
599
600
601
602
603
604
605
606
607
608
609
610
611
612
613
614
615
616
617
618
619
620
621
622
623
624
625
626
627
628
629
630
631
632
633
634
635
636
637
638
639
640
641
642
643
644
645
646
647
648
649
650
651
652
653
654
655
656
657
658
659
660
661
662
663
664
665
666
667
668
669
670
671
672
673
674
675
676
677
678
679
680
681
682
683
684
685
686
687
688
689
690
691
692
693
694
695
696
697
698
699
700
701
702
703
704
705
706
707
708
709
710
711
712
713
714
715
716
717
718
719
720
721
722
723
724
725
726
727
728
729
730
731
732
733
734
735
736
737
738
739
740
741
742
743
744
745
746
747
748
749
750
751
752
753
754
755
756
757
758
759
760
761
762
763
764
765
766
767
768
769
770
771
772
773
774
775
776
777
778
779
780
781
782
783
784
785
786
787
788
789
790
791
792
793
794
795
796
797
798
799
800
801
802
803
804
805
806
807
808
809
810
811
812
813
814
815
816
817
818
819
820
821
822
823
824
825
826
827
828
829
830
831
832
833
834
835
836
837
838
839
840
841
842
843
844
845
846
847
848
849
850
851
852
853
854
855
856
857
858
859
860
861
862
863
864
865
866
867
868
869
870
871
872
873
874
875
876
877
878
879
880
881
882
883
884
885
886
887
888
889
890
891
892
893
894
895
896
897
898
899
900
901
902
903
904
905
906
907
908
909
910
911
912
913
914
915
916
917
918
919
920
921
922
923
924
925
926
927
928
929
930
931
932
933
934
935
936
937
938
939
940
941
942
943
944
945
946
947
948
949
950
951
952
953
954
955
956
957
958
959
960
961
962
963
964
965
966
967
968
969
970
971
972
973
974
975
976
977
978
979
980
981
982
983
984
985
986
987
988
989
990
991
992
993
994
995
996
997
998
999
1000
1001
1002
1003
1004
1005
1006
1007
1008
1009
1010
1011
1012
1013
1014
1015
1016
1017
1018
1019
1020
1021
1022
1023
1024
1025
1026
1027
1028
1029
1030
1031
1032
1033
1034
1035
1036
1037
1038
1039
1040
1041
1042
1043
1044
1045
1046
1047
1048
1049
1050
1051
1052
1053
1054
1055
1056
1057
1058
1059
1060
1061
1062
1063
1064
1065
1066
1067
1068
1069
1070
1071
1072
1073
1074
1075
1076
1077
1078
1079
1080
1081
1082
1083
1084
1085
1086
1087
1088
1089
1090
1091
1092
1093
1094
1095
1096
1097
1098
1099
1100
1101
1102
1103
1104
1105
1106
1107
1108
1109
1110
1111
1112
1113
1114
1115
1116
1117
1118
1119
1120
1121
1122
1123
1124
1125
1126
1127
1128
1129
1130
1131
1132
1133
1134
1135
1136
1137
1138
1139
1140
1141
1142
1143
1144
1145
1146
1147
1148
1149
1150
1151
1152
1153
1154
1155
1156
1157
1158
1159
1160
1161
1162
1163
1164
1165
1166
1167
1168
1169
1170
1171
1172
1173
1174
1175
1176
1177
1178
1179
1180
1181
1182
1183
1184
1185
1186
1187
1188
1189
1190
1191
1192
1193
1194
1195
1196
1197
1198
1199
1200
1201
1202
1203
1204
1205
1206
1207
1208
1209
1210
1211
1212
1213
1214
1215
1216
1217
1218
1219
1220
1221
1222
1223
1224
1225
1226
1227
1228
1229
1230
1231
1232
1233
1234
1235
1236
1237
1238
1239
-0.004800712493575488 -0.04961605110752232 0
0.004898511141677028 0.04975038717044709 0
0.02329583613162918 -0.0437851733370171 0
-0.02284431287887705 0.0433872686782545 0
-0.03136429600669377 -0.03888960149879077 0
0.03090307530286181 0.03730186205573284 0
0.04380514507610379 -0.02293318187187538 0
-0.04720594949260637 -0.01470566497431687 0
-0.0435495966860869 0.02236109141287735 0
0.04725947517559427 0.01433187252757515 0
0.04907353146110921 -0.0050981393804534 0
-0.05081640620961348 0.004671471759120153 0
0.03279332183396224 -0.03856254932474532 0
0.02403289525026849 -0.03214387930414413 0
0.01357423466597545 -0.0370464052486394 0
0.0142006418042411 -0.02358717667222797 0
0.004553973977758906 -0.02977218707432523 0
0.005021555049705138 -0.02108198900121309 0
0.01401464266703644 -0.01497532039400885 0
-0.002869221765981976 -0.0232394925298453 0
-0.003688300101838504 -0.01536919764277576 0
-0.01023266049988541 -0.01867439279858676 0
-0.01107572019767212 -0.01268422792746614 0
-0.01565673047406533 -0.01487274741175081 0
-0.01583277769528488 -0.009594086695223245 0
0.002986285465491326 -0.01191714419766002 0
-0.004881206741003504 -0.009380260408479873 0
-0.02125460546155339 -0.01201176515153619 0
-0.02138286640111766 -0.00539148975435718 0
-0.01665931617167735 -0.00304949969775902 0
-0.01983637128363923 -9.200208195098661e-05 0
-0.01627350447756041 0.00273691945802492 0
-0.0200048358199765 0.005065015292885973 0
-0.0161013598763239 0.006809121108285644 0
-0.01954757777321024 0.009970166071437742 0
-0.01455130131866034 0.0113524740975597 0
-0.01036139256140985 0.009605891380655929 0
-0.0101505565440755 0.01383301069978025 0
-0.006917534075691305 0.01097285682085698 0
-0.005884463268368617 0.01573606176279199 0
-0.002727761913072685 0.01235466712955932 0
-0.001224708809580111 0.01762108857276155 0
0.003125997256075989 0.0143194565553483 0
0.004130146499450947 0.02031449593300042 0
0.008315400591369095 0.01593375718678912 0
-0.01005692997835869 0.01974497827873147 0
-0.01944492638251995 0.0158886810456767 0
0.008054663542167041 0.01140470030164902 0
0.01261290999828303 0.01208812932392876 0
0.0114842134429259 0.007822880242577081 0
0.01581450585682796 0.009020385021746465 0
0.01506399710785693 0.004658283053007779 0
0.0184615221949074 0.005950229178427739 0
0.02038187617573661 0.01123423577384825 0
0.01809539905050856 0.001805565490046644 0
0.02295316642034002 0.003107716271956646 0
0.01453928859960112 0.0007127330084364683 0
-0.002436160230399866 0.008255092925964195 0
0.008066930484621381 0.00649572379881123 0
0.02112661966264132 -0.002725810850923718 0
0.01175427413315133 0.02355734281232732 0
-0.01219561413379911 0.0001582707687709951 0
-0.02570925693900501 0.002841334559417954 0
-0.001393218797467053 0.02442782144457339 0
0.02947623656779425 -0.0007428256495027446 0
0.02608748128696632 -0.01014952603829516 0
0.03006264109759062 0.007281125510916794 0
0.02923874337951721 0.01622656085114159 0
-0.02763102852211501 -0.00818844059099072 0
-0.02842430671709797 -0.01743768594724271 0
-0.01097571732287924 -0.02892889800225332 0
-0.02599374235557462 0.01327630210793974 0
-0.02494875759465759 0.02124445244782458 0
-0.009483350366079864 0.02747526492463453 0
-0.01161432040121741 -0.005875234832056604 0
0.002989507541246231 0.009263205885595783 0
-0.01150544716671391 0.004555489578383342 0
-0.03077307404872817 0.008287447088804752 0
-0.006561651954361131 0.007305611720091631 0
-0.001249825358641008 0.03390892100146219 0
0.01091540273417176 0.003142527003876478 0
0.02516367528426413 -0.02071888698208316 0
0.03644262629156683 -0.00668063975215403 0
0.020865707234019 0.02075441994334642 0
0.02960243871029958 0.02607592818759023 0
0.0204465732008783 0.03078969459100651 0
0.01791181838858195 -0.009078888982209588 0
0.01661096252734449 -0.004256041692898641 0
0.01932816644911505 0.04257538975373043 0
-0.01209609302527293 0.03841510203765064 0
0.009863703602427758 0.03296053640178671 0
0.01295238209555091 -0.009605081228540641 0
0.01151810755222203 -0.004565954432369018 0
0.009570607720533806 -0.01255685639237484 0
-0.02060151906029026 0.03096417244912562 0
-0.03218376421612395 0.0374674326376514 0
-0.0361000270382629 -0.01133064019786095 0
-0.03760718795394603 -0.02148390383878523 0
-0.02951091416278633 -0.02845165624740544 0
-0.02006987599907788 -0.03635499605891129 0
-0.008692645839708857 -0.03945427816301406 0
0.009613237531200133 -0.008765784027896253 0
0.007960384169830151 -0.005220530316780428 0
-0.03283631901343056 -0.0005475320383257505 0
-0.03335405601473568 0.01684565732076491 0
0.03936029233970761 0.03069303837221433 0
0.03467485466575328 -0.01674332356730351 0
0.002663523226459385 -0.04116418347008492 0
0.03348250436093626 -0.02691326414265419 0
0.03768766162701966 0.01228240614994835 0
0.01345757628317453 -0.04814053383847394 0
-0.01551777231589635 -0.04750484068054311 0
-0.0001009816587144731 0.009913349889551629 0
-0.0002007452715246301 0.00727840235148733 0
0.002641084348935472 0.006762755794556125 0
-0.003044321089763405 0.006071496855188622 0
-0.04314220499332735 -0.003197507101412477 0
0.01450666058550574 0.01767330761872972 0
-0.01484799493533576 0.04838745516987929 0
0.04304506300186044 -0.01339909591096866 0
0.04018476064292244 0.003775076712451203 0
-0.0194464015196208 -0.02239030594538379 0
-0.05005726353514221 0.01432031164000164 0
0.05107297681958985 0.004942845842010738 0
-0.03965287598152707 -0.0319102704704223 0
0.006102025875723487 -0.009749776768565399 0
0.002959234067867521 -0.008505256037437434 0
-0.0006295420934252617 -0.01030551901190857 0
-0.00123973622225241 -0.006854976551448048 0
0.0016374633144025 -0.004384075508282667 0
0.005178246985180613 -0.006980960399871743 0
0.003079044137030641 -0.005779422395435889 0
0.003277216031891803 -0.0040401063967877 0
0.001532716952242912 -0.003116229621988793 0
0.004789374973376521 -0.004790106739818365 0
0.004734012869367366 -0.002882891128800743 0
-0.004633143416937069 0.04585501639067143 0
0.001456283521269538 0.007870733544018151 0
0.0009908784093337619 0.004699697088550468 0
0.005211965065154863 0.008031326944656058 0
0.005019762313524005 0.005247056947221603 0
0.001172441984625629 0.006182436780260123 0
0.002865818706156383 0.004349228762906074 0
-0.001023014085383096 0.004813045162286461 0
0.007501200076371357 -0.007176261581641629 0
-0.02479405108770418 -0.04542960525595499 0
0.004476947506143576 -0.05151498182323935 0
-0.01636358260155325 0.02201156369542061 0
0.01647543561728443 -0.001167557809451929 0
0.01354169145454761 -0.002475807034890175 0
0.01049179306905636 -0.002035864055454074 0
0.009568143871301759 -0.003975384105753497 0
0.008440177456861854 -0.002254269633886916 0
0.009322892072564995 -0.0008321864777607658 0
0.008069937011690557 -0.003271870183118594 0
0.006820969356274531 -0.002709367442232582 0
0.007576833710196983 -0.001528723343420063 0
0.006425436093146726 -0.004042917988859282 0
0.00580108413928422 -0.002961701454651643 0
0.006069986885363077 -0.001901574525891626 0
0.005277642649648615 -0.002296094986688709 0
0.004374281705910858 -0.002017978311515312 0
0.005087728580146997 -0.001501729170501324 0
0.004155661795695292 -0.001239403177334045 0
0.003446432939906418 -0.001781474061014294 0
0.005741470435156128 -0.0008361225015579251 0
0.003317205553391899 -0.001034063326132701 0
0.002584297124047783 -0.001501823234471544 0
0.002638122883280555 -0.002394963426782106 0
0.002558406561284055 -0.000730256656670147 0
0.001735323077071072 -0.0008818318052671855 0
0.004811402175932913 -0.0006784149711335013 0
0.001680762937462103 -0.001955426321054057 0
0.0007192468687945059 -0.002387459985995161 0
0.0004696217907167811 -0.003520806116073614 0
-0.0002951458496186298 -0.002689470241561649 0
-4.271610491416026e-05 -0.001726180264796517 0
-0.001032570762781538 -0.00192922363599071 0
-0.001284731218714458 -0.002921531091579954 0
-0.002027732327472423 -0.002148269534868698 0
-0.002297042934846518 -0.003150688847050189 0
-0.003060400275517739 -0.002403455130669105 0
-0.003333844042103901 -0.003448176476489056 0
-0.004145267106083844 -0.002664393784178822 0
-0.004426187613639549 -0.003766423936556117 0
-0.005218233125807204 -0.002936755460274343 0
-0.005579658245323296 -0.004080846329245974 0
-0.006367671156603029 -0.00325924226545425 0
-0.004863278990315321 -0.001905845296344968 0
-0.00275508864115378 -0.001468476922940208 0
-0.006883410104875576 -0.004510019505476837 0
-0.007960675797168883 -0.003506359160359551 0
-0.007643487096611984 -0.002102401661745399 0
-0.008761961171310602 -0.002264001931027517 0
-0.008390881790100752 -0.001303858922002783 0
-0.007341327736825741 -0.001083999913375987 0
-0.008015044891119712 -0.0003333874791138596 0
-0.007055021312637022 -0.0001472448951248956 0
-0.007705254836094178 0.000592575388356611 0
-0.008668313943460654 0.0003970733268784733 0
-0.008314461538208775 0.00132802999523141 0
-0.007246275431379956 0.001440873739825064 0
-0.007945877974586409 0.002229295920916574 0
-0.007011626137120452 0.002385079710847102 0
-0.007662625184108257 0.003198347440274228 0
-0.006662811790834298 0.003294647538325616 0
-0.006038582330954837 0.002423334799713195 0
-0.005693645644789934 0.003402682306987879 0
-0.005106423343282497 0.002661134132859176 0
-0.00937032389598432 0.001251893551848175 0
-0.004727532259336563 0.003558977885446575 0
-0.004156738540616067 0.002802221377221136 0
-0.007306979052205426 0.004251508173655829 0
-0.008827271636747885 0.00304589467458675 0
-0.0007162488204081367 -0.001031827202705712 0
-0.005401790721602113 0.004394717269322412 0
-0.006579819567902909 -0.001665831535831811 0
-0.006497361490701695 -0.0008143440990515933 0
-0.003523623530125944 -0.00473382453068111 0
-0.004528800848939995 0.001960118265033573 0
-0.003634675268429859 0.001965460873567245 0
-0.003216450872860296 0.002905602355331142 0
-0.002679022726305208 0.002037642393560553 0
-0.002263992243062916 0.003013620457438443 0
-0.001699118867417599 0.002349572225571295 0
-0.001301167122503854 0.003151362594720752 0
-0.0007333945578198274 0.002452841435094824 0
-0.0003493683889054176 0.003274816839420423 0
0.0001826104263672029 0.002554854091453952 0
0.000165092764488812 -0.0009040088270193001 0
-0.006785137618306437 0.0006018673721761296 0
-0.005306178638217277 0.001936129669236297 0
-0.00954861263400697 -0.001413771573742934 0
-0.006436416904742654 0.001633626895544631 0
-0.0101094276357612 -0.002872822160595927 0
-0.008408398777110436 -0.005066881446248906 0
-0.003836891785000158 -0.001567357510942778 0
-0.004611643372449352 -0.001165835765650554 0
-0.003346661018964477 -0.00097291349856285 0
-0.001507727254186465 -0.004035335312593204 0
-0.005849545672656321 -0.006229902208387118 0
-0.01009046140499288 -9.465224588718754e-05 0
-0.01067295819295771 0.001235615429725382 0
-0.0003110526032250958 0.001870271292344029 0
-0.002835831595495261 0.003781488862210483 0
0.0004041714503334074 0.001883681834086769 0
0.001082494311866627 0.002558373724204059 0
0.0004729546767014019 0.00131159656257523 0
0.0009864451421357551 0.001588107751830005 0
0.001734388561002702 0.001900071289125951 0
0.002058393889217318 0.002829866583206003 0
0.002720598012644532 0.001950404461788758 0
0.002987693667971535 0.003016759894558516 0
0.003625654702189516 0.002364523549126427 0
0.003926808466910498 0.003215790913953008 0
0.004558887100355444 0.002594955772163318 0
0.00485507094865892 0.003464639012074384 0
0.005502345308709956 0.002781072255984817 0
0.005811127149701363 0.003694543202624619 0
0.006449381970867319 0.002974008521473265 0
0.006180275510531848 0.001992924193198089 0
0.007104086280848321 0.002255783364479421 0
0.007384999562694784 0.003197368939339371 0
0.008037085544999635 0.002465931493535114 0
0.00774220998090789 0.001546888225232211 0
0.008680944987998356 0.001748746551120246 0
0.008434940999057139 0.003419773743043765 0
0.006825796650813895 0.001328649273540181 0
0.007457501828822816 0.000667954738014713 0
0.005213333360923164 0.001908946943134507 0
0.004114399769950324 0.004241240217090042 0
0.007725823385422175 0.004067447617890334 0
0.008842335234300331 0.0046441690110233 0
0.004238510167887666 0.001834889880435152 0
-0.004357986211026085 0.004511501482179377 0
-0.005199497214063888 0.005710605212202338 0
-0.002693305859278998 -0.0007293355314131494 0
-0.001841583500235681 -0.00112513604873145 0
-0.001163399378298982 0.001687563906036134 0
0.006826742166154452 0.0005585716128790311 0
0.007052181520499514 -0.0001218353568166077 0
0.008002868123288339 -0.0001182340449315809 0
-0.0001984791567473097 -0.004896714563788757 0
-0.009852385557847768 0.002281297407632317 0
-0.01162247950852074 0.002411130394401519 0
-0.006498257352512414 0.005329064778627945 0
-0.007973780539808205 0.005969446328164327 0
-0.008801318230174384 0.004606690277460837 0
0.000604546462791556 0.003385141766457173 0
0.006299536083076682 0.0007441795125742541 0
0.006308373688493527 0.0002107851364507821 0
0.003488381147969885 0.001744277213764284 0
0.003557375600621286 -0.002834288411135466 0
-0.003792044115514963 0.003679648341774695 0
0.008357116588724848 0.0008114358934177376 0
0.009388426646112781 0.001007635247019716 0
0.009749358972065365 0.00216240251004394 0
0.01067027104666243 0.001312209060127384 0
-7.656675608216846e-05 0.001342207642796242 0
-0.005539413485827382 -0.000984936483766389 0
-0.001432659867836638 -0.0006601651084044868 0
-0.002045402387056673 0.001624864868699205 0
-0.001800911937821189 0.003910686523523844 0
0.0008835817698552327 -0.001432445919467759 0
0.0008880047171179137 -0.0008072581802222753 0
-0.0001040631177007844 0.004228027521805697 0
0.001597036438152406 0.003807507748660591 0
-0.003629153777226704 -0.006615239374690152 0
-0.007721491864635702 -0.008104015069141388 0
-0.004050780947045797 -0.000729742435701852 0
-0.003383014990105876 -0.0004657912170034225 0
-0.002897200354582366 -0.0002382421294814695 0
-0.001986659170232868 -0.0005424198969235054 0
-0.001466607058390745 -0.0002254011370704207 0
-0.0009538200337836354 -0.0003425352388914805 0
-0.0004641469557552866 -0.000484907355649404 0
2.994980838354518e-05 -0.0003665775163752698 0
0.0004897959183531936 -0.0004600576391511572 0
0.005877551020407658 0.000525 0
0.005877551020407658 0.000375 0
0.005877551020407658 0.0006749999999999998 0
0.005877551020407658 0.000825 0
0.005877551020407658 0.000975 0
0.005762171404879547 0.001382344231990097 0
0.005877551020407658 7.499999999999999e-05 0
0.005780510232976322 -0.0002267768315260018 0
0.006269225442017421 -0.0003409044957797223 0
0.005877551020407658 0.0002249999999999999 0
0.0009795918367217953 0.000975 0
0.0009795918367217953 0.0008249999999999998 0
0.0009795918367217953 0.0006749999999999999 0
0.0009795918367217953 0.000525 0
0.0009795918367217953 0.000375 0
0.0009795918367217953 0.000225 0
0.0009795918367217953 7.499999999999999e-05 0
0.005632653061222976 0.000525 0
0.005387755102038294 0.000525 0
0.005387755102038294 0.0003750000000000001 0
0.005387755102038294 0.0006749999999999999 0
0.005387755102038294 0.000825 0
0.005387755102038294 0.000975 0
0.005278230386135471 0.0013292104136755 0
0.00489795918367094 0.001533971306928397 0
0.00436095914748001 0.001433661274379307 0
0.004408163265302273 0.000975 0
0.004408163265302273 0.0008249999999999998 0
0.004408163265302273 0.0006749999999999998 0
0.004408163265302273 0.000525 0
0.004408163265302273 0.000375 0
0.004408163265302273 0.000225 0
0.005387755102038294 0.0002249999999999999 0
0.005387755102038294 7.499999999999999e-05 0
0.005285382162276636 -0.0002996457610523461 0
0.004408163265302273 7.499999999999999e-05 0
0.004422282490830902 -0.0002264317195121169 0
0.004653061224486956 0.000375 0
0.004653061224486956 0.000525 0
0.004653061224486956 0.0006750000000000004 0
0.004653061224486956 0.0008250000000000002 0
0.004653061224486956 0.000975 0
0.004653061224486956 0.0002249999999999999 0
0.004653061224486956 7.500000000000018e-05 0
0.005632653061222976 0.0008249999999999998 0
0.005632653061222976 0.0003749999999999999 0
0.004163265306117591 0.000525 0
0.003918367346932908 0.000525 0
0.003918367346932908 0.000375 0
0.003673469387748225 0.0003749999999999999 0
0.003673469387748225 0.000525 0
0.003673469387748225 0.0006749999999999999 0
0.003918367346932908 0.000675 0
0.003673469387748225 0.0008249999999999998 0
0.003918367346932908 0.0008249999999999999 0
0.003673469387748225 0.000975 0
0.003808468433534107 0.001364927533640308 0
0.003918367346932908 0.000975 0
0.003673469387748225 0.000225 0
0.003918367346932908 0.0002249999999999999 0
0.003673469387748225 7.499999999999998e-05 0
0.00365136885817198 -0.0001655389088940337 0
0.003200340029952488 -0.000426411385525626 0
0.003918367346932908 7.500000000000003e-05 0
0.003428571428563541 0.000375 0
0.003428571428563541 0.000525 0
0.003428571428563541 0.0006749999999999999 0
0.003428571428563541 0.000825 0
0.003428571428563541 0.000975 0
0.003428571428563541 7.499999999999999e-05 0
0.003428571428563541 0.000225 0
0.004163265306117591 0.000825 0
0.004163265306117591 0.000375 0
0.004163265306117591 0.0006749999999999999 0
0.005632653061222976 0.0006749999999999998 0
0.004163265306117591 0.000975 0
0.005632653061222976 0.000975 0
0.004163265306117591 7.499999999999998e-05 0
0.005632653061222976 7.499999999999999e-05 0
0.004163265306117591 0.000225 0
0.005632653061222976 0.000225 0
0.0002448979591690237 0.000975 0
0.0002448979591690237 0.0008249999999999999 0
0.0002448979591690237 0.0006749999999999999 0
0.0002448979591690237 0.000525 0
0.0002448979591690237 0.000375 0
0.0002448979591690237 7.499999999999999e-05 0
0.0002448979591690237 0.0002249999999999999 0
0.001224489795906331 0.0008249999999999999 0
0.001224489795906331 0.000525 0
0.001224489795906331 0.0003749999999999999 0
0.001224489795906331 0.0006749999999999999 0
0.001224489795906331 0.000975 0
0.001224489795906331 7.500000000000001e-05 0
0.001224489795906331 0.000225 0
0.000734693877537277 0.000375 0
0.000734693877537277 0.000525 0
0.000734693877537277 0.0006749999999999999 0
0.000734693877537277 0.0008249999999999999 0
0.000734693877537277 0.000975 0
0.000734693877537277 7.499999999999999e-05 0
0.000734693877537277 0.000225 0
0.0004897959183531937 0.000825 0
0.0004897959183531937 0.000375 0
0.0004897959183531937 0.000525 0
0.0004897959183531937 0.0006749999999999999 0
0.0004897959183531937 0.000975 0
0.0004897959183531937 7.499999999999998e-05 0
0.0004897959183531937 0.000225 0
0.001469387755090425 0.0008249999999999999 0
0.001714285714274409 0.0008249999999999999 0
0.001959183673458834 0.000825 0
0.002204081632643518 0.000825 0
0.002204081632643518 0.0006749999999999999 0
0.002204081632643518 0.0005250000000000001 0
0.002204081632643518 0.000375 0
0.002204081632643518 0.000975 0
0.002171375139743849 0.001323175571012642 0
0.001712485193392931 0.001374555205454138 0
0.002204081632643518 0.000225 0
0.002204081632643518 7.499999999999999e-05 0
0.002182839026465464 -0.0003508034955708946 0
0.001959183673458834 0.000375 0
0.002448979591828201 0.000375 0
0.001959183673458834 0.000525 0
0.002448979591828201 0.000525 0
0.001959183673458835 0.0006749999999999999 0
0.002448979591828201 0.000675 0
0.002448979591828201 0.0008249999999999998 0
0.001959183673458834 0.000975 0
0.002448979591828201 0.000975 0
0.002448979591828201 7.499999999999998e-05 0
0.002448979591828201 0.000225 0
0.001959183673458834 7.499999999999998e-05 0
0.001959183673458834 0.000225 0
0.0026938775510127 0.000825 0
0.0026938775510127 0.000375 0
0.0026938775510127 0.000525 0
0.0026938775510127 0.000675 0
0.0026938775510127 0.000975 0
0.002631655389338188 0.001302540733284136 0
0.0026938775510127 7.500000000000001e-05 0
0.0026938775510127 0.000225 0
0.001714285714274409 0.000375 0
0.001714285714274409 0.000525 0
0.001714285714274409 0.0006749999999999999 0
0.001714285714274409 0.000975 0
0.001714285714274409 7.499999999999999e-05 0
0.001705933573779473 -0.0002272260015777221 0
0.001714285714274409 0.0002249999999999999 0
0.001469387755090425 0.000375 0
-1.513979913658758e-14 0.000375 0
-1.513979913658758e-14 0.000525 0
0.001469387755090425 0.000525 0
-1.513979913658758e-14 0.0006749999999999999 0
-1.513980061727991e-14 0.0008249999999999998 0
0.001469387755090425 0.000675 0
-1.513979913658758e-14 0.000975 0
0.001469387755090425 0.000975 0
0.001469387755090425 7.499999999999999e-05 0
-1.513979913658758e-14 7.500000000000001e-05 0
-1.513980040884913e-14 0.000225 0
0.001469387755090425 0.000225 0
0.003183673469379485 0.000375 0
0.003183673469379485 0.000525 0
0.003183673469379485 0.0006749999999999998 0
0.003183673469379485 0.000825 0
0.003183673469379485 0.000975 0
0.003183673469379485 7.499999999999998e-05 0
0.003183673469379485 0.000225 0
0.005142857142854271 0.000375 0
0.005142857142854271 0.000525 0
0.005142857142854271 0.0006749999999999999 0
0.005142857142854271 0.0008249999999999998 0
0.005142857142854271 0.000975 0
0.005142857142854271 7.499999999999999e-05 0
0.005142857142854271 0.000225 0
0.004897959183670943 0.000825 0
0.004897959183670943 0.000375 0
0.004897959183670943 0.000525 0
0.004897959183670943 0.0006749999999999998 0
0.004897959183670943 0.000975 0
0.004897959183670943 7.499999999999999e-05 0
0.004897959183670943 0.000225 0
-0.0004897959183815782 7.499999999999999e-05 0
-0.0004897959183815782 0.0002249999999999999 0
-0.0004897959183815782 0.000375 0
-0.0004897959183815782 0.000525 0
-0.0004897959183815782 0.0006749999999999999 0
-0.0004897959183815782 0.0008249999999999999 0
-0.0004897959183815782 0.000975 0
-0.001469387755113567 7.499999999999998e-05 0
-0.001469387755113567 0.000225 0
-0.001469387755113567 0.000375 0
-0.001469387755113567 0.0005249999999999999 0
-0.001469387755113567 0.0006749999999999999 0
-0.001469387755113567 0.000825 0
-0.001469387755113567 0.000975 0
-0.001502761499562545 0.001227770283518092 0
-0.002693877551028557 7.499999999999998e-05 0
-0.002693877551028557 0.0002249999999999999 0
-0.002693877551028557 0.000375 0
-0.002693877551028557 0.000525 0
-0.002693877551028557 0.000675 0
-0.002693877551028557 0.000825 0
-0.002693877551028557 0.0009749999999999998 0
-0.002603730716177934 0.001332068512137904 0
-0.002204081632662554 7.499999999999999e-05 0
-0.002204081632662554 0.000225 0
-0.002204081632662554 0.000375 0
-0.002204081632662554 0.000525 0
-0.002204081632662554 0.0006749999999999999 0
-0.002204081632662554 0.000825 0
-0.002204081632662554 0.000975 0
-0.003428571428577519 7.499999999999998e-05 0
-0.003673469387760526 7.499999999999999e-05 0
-0.003673469387760526 0.000225 0
-0.003673469387760526 0.000375 0
-0.003673469387760526 0.000525 0
-0.003673469387760526 0.0006749999999999999 0
-0.003673469387760526 0.0008249999999999999 0
-0.003673469387760526 0.000975 0
-0.00371172487847222 0.001310576950414116 0
-0.003183673469394522 7.499999999999999e-05 0
-0.003183673469394522 0.000225 0
-0.003183673469394522 0.000375 0
-0.003183673469394522 0.000525 0
-0.003183673469394522 0.0006749999999999999 0
-0.003183673469394522 0.0008249999999999998 0
-0.003183673469394522 0.000975 0
-0.00317694258366794 0.001269605229262723 0
-0.003428571428577519 0.000825 0
-0.003428571428577519 0.000525 0
-0.003428571428577519 0.0006749999999999999 0
-0.003428571428577519 0.0009749999999999997 0
-0.003428571428577519 0.0003749999999999999 0
-0.003428571428577519 0.000225 0
-0.003918367346943524 0.000375 0
-0.003918367346943525 0.000225 0
-0.003918367346943525 0.000525 0
-0.003918367346943524 0.0006749999999999998 0
-0.003918367346943524 0.000825 0
-0.003918367346943525 0.000975 0
-0.003918367346943524 7.499999999999999e-05 0
-0.002448979591845552 0.0003749999999999999 0
-0.002448979591845552 0.000525 0
-0.002448979591845552 0.0006749999999999999 0
-0.002448979591845552 0.0008249999999999998 0
-0.002448979591845552 0.000975 0
-0.002448979591845552 7.499999999999999e-05 0
-0.002448979591845552 0.0002249999999999999 0
-0.001714285714296649 0.000375 0
-0.001714285714296649 0.000525 0
-0.001714285714296649 0.0006749999999999999 0
-0.001714285714296649 0.0008249999999999999 0
-0.001714285714296649 0.000975 0
-0.001714285714296649 7.499999999999999e-05 0
-0.001714285714296649 0.000225 0
-0.004163265306126459 0.000375 0
-0.004408163265309569 0.000375 0
-0.004408163265309569 0.000525 0
-0.004408163265309569 0.0006749999999999999 0
-0.004408163265309569 0.000825 0
-0.004408163265309569 0.0009749999999999996 0
-0.00442758860551659 0.001255820683607132 0
-0.004907706927011254 0.001454015904019104 0
-0.005377493856257904 0.001302516956591118 0
-0.005877551020408545 0.001527473122882429 0
-0.005632653061225339 0.000975 0
-0.005632653061225339 0.0008249999999999999 0
-0.005632653061225339 0.0006749999999999999 0
-0.005632653061225339 0.000525 0
-0.005632653061225339 0.000375 0
-0.005632653061225339 0.0002249999999999999 0
-0.005632653061225339 7.499999999999999e-05 0
-0.005654024607786479 -0.0002721562187806419 0
-0.005387755102041918 0.000375 0
-0.005387755102041918 0.000525 0
-0.005387755102041918 0.0006749999999999999 0
-0.005387755102041918 0.0008249999999999998 0
-0.005387755102041918 0.000975 0
-0.005387755102041918 7.499999999999998e-05 0
-0.005387755102041918 0.0002249999999999999 0
-0.004408163265309569 0.0002249999999999996 0
-0.004408163265309569 7.499999999999999e-05 0
-0.004398303009227599 -0.0002226330259782515 0
-0.00465306122449282 0.000375 0
-0.00465306122449282 0.0002249999999999999 0
-0.00465306122449282 0.0005249999999999999 0
-0.004653061224492821 0.0006749999999999999 0
-0.00465306122449282 0.0008249999999999999 0
-0.00465306122449282 0.000975 0
-0.00465306122449282 7.499999999999999e-05 0
-0.005142857142858788 0.000525 0
-0.005142857142858788 0.000375 0
-0.004163265306126459 0.000525 0
-0.005142857142858788 0.0006749999999999999 0
-0.004163265306126459 0.0006749999999999998 0
-0.005142857142858788 0.000975 0
-0.004163265306126459 0.000975 0
-0.005142857142858789 0.000225 0
-0.004163265306126459 0.000225 0
-0.002938775510211555 0.000375 0
-0.001959183673479564 0.000375 0
-0.0007346938775646609 0.000375 0
-0.002938775510211555 0.000525 0
-0.001959183673479564 0.000525 0
-0.0007346938775646609 0.000525 0
-0.002938775510211555 0.0006749999999999999 0
-0.001959183673479564 0.000675 0
-0.0007346938775646609 0.0006749999999999999 0
-0.002938775510211555 0.0008249999999999999 0
-0.001959183673479564 0.0008250000000000001 0
-0.0007346938775646609 0.0008249999999999998 0
-0.002938775510211555 0.0009749999999999997 0
-0.001959183673479564 0.000975 0
-0.0007346938775646609 0.000975 0
-0.0006870945411879789 0.001241180499139294 0
-0.002938775510211555 7.49999999999999e-05 0
-0.001959183673479564 7.499999999999998e-05 0
-0.0007346938775646609 7.499999999999999e-05 0
-0.002938775510211555 0.000225 0
-0.001959183673479564 0.000225 0
-0.0007346938775646609 0.0002249999999999999 0
-0.001224489795930486 0.0008249999999999999 0
-0.0002448979591984958 0.0008249999999999999 0
-0.005877551020408544 0.0005249999999999999 0
-0.006226584656244373 0.0006003112286960215 0
-0.006384916372953346 0.0009966684623202635 0
-0.005877551020408544 0.000825 0
-0.005877551020408544 0.000375 0
-0.005877551020408544 0.0006749999999999999 0
-0.005877551020408544 0.0009749999999999998 0
-0.004897959183675875 0.000375 0
-0.001224489795930486 0.000375 0
-0.0002448979591984958 0.000375 0
-0.004897959183675875 0.000525 0
-0.001224489795930486 0.000525 0
-0.0002448979591984958 0.000525 0
-0.004897959183675875 0.0006749999999999999 0
-0.004897959183675875 0.000825 0
-0.001224489795930486 0.000675 0
-0.0002448979591984958 0.0006749999999999999 0
-0.005142857142858789 0.000825 0
-0.004163265306126459 0.0008249999999999998 0
-0.004897959183675875 0.000975 0
-0.001224489795930486 0.000975 0
-0.0002448979591984958 0.000975 0
-0.005877551020408544 0.0002249999999999999 0
-0.004897959183675875 0.000225 0
-0.001224489795930486 0.000225 0
-0.0002448979591984958 0.000225 0
-0.005877551020408544 7.499999999999998e-05 0
-0.005142857142858789 7.499999999999999e-05 0
-0.005184404889004117 -0.0001917294775355868 0
-0.004897959183675875 7.499999999999998e-05 0
-0.004163265306126459 7.499999999999999e-05 0
-0.001224489795930486 7.499999999999998e-05 0
-0.0002448979591984958 7.499999999999999e-05 0
-0.0009795918367475737 0.0008249999999999998 0
-0.0009795918367475737 0.000375 0
-0.0009795918367475737 0.000525 0
-0.0009795918367475737 0.0006749999999999999 0
-0.0009795918367475737 0.0009749999999999998 0
-0.0009795918367475737 7.499999999999999e-05 0
-0.0009795918367475737 0.000225 0
0.002938775510196313 0.000375 0
0.002938775510196313 0.000525 0
0.002938775510196313 0.0006749999999999998 0
0.002938775510196313 0.0008249999999999998 0
0.002938775510196313 0.000975 0
0.002938775510196313 7.499999999999999e-05 0
0.002938775510196313 0.000225 0
0.001092178079151142 -0.0003196894874835681 0
-0.00617957127260766 0.0002209770777527383 0
0.005195672785195973 0.004266663567443765 0
0.006084651307001143 0.004735879104145194 0
0.004824963673827802 -0.0002451651080066133 0
0.002675866462878003 -0.0002574889694228266 0
-0.006312696912388837 0.004134524013383936 0
-0.005800937372616966 -0.002097036566340223 0
-0.008874853754999898 0.002046361780974431 0
0.006772492230875079 0.00399621837567535 0
0.00966850701313436 0.00343527400831348 0
0.008946986044186225 0.002656498522115463 0
-0.01012585159854499 0.005960385219606595 0
-0.001959183673479564 0.001179903810567666 0
0.003172974607625802 0.001320268742809686 0
0.009846939420915567 0.006441487469829202 0
0.003511741641734433 0.005412949775592512 0
-0.004064245430952886 0.001568097018349784 0
0.006731778169719625 -0.001050074719934324 0
-0.008942662932736193 -0.0005497193787736581 0
-0.0005404218636387802 -0.003647877125330547 0
-0.003926224174040318 -0.0002384605184161106 0
-0.006386619874428697 -0.0002594068108499068 0
0.006243151949144312 0.006234154411848176 0
-0.0009176265555692336 0.00391289413617311 0
0.002469475456039845 0.003557726950341234 0
-0.01376182312152381 0.003750333737323719 0
-0.008548625051050892 0.008363417799543129 0
-0.002128043073203212 -0.005337976790423609 0
-0.01259149610824918 0.007048398927594728 0
-0.01124091463940596 -0.001587507326042829 0
-0.01181834481634528 -0.003669927918349391 0
0.008998303017791915 0.008648134935171685 0
-0.004321642937670439 0.007059558105638115 0
0.008889643096716488 -1.291387589250432e-05 0
0.008375760946102167 -0.001036179977159545 0
0.01006975880459639 -0.0001879586970715075 0
0.01195274740756797 -0.0001086902144127683 0
0.003998615186233644 -0.0005494310438827633 0
0.0009346640078126134 -0.006787660678050228 0
-0.01012245894975828 0.003810147925345226 0
-0.003382216816587513 0.004702242047805172 0
-0.002263678464914553 0.004909274036941178 0
0.002129833588156347 0.005202429325087649 0
0.04047911100680984 -0.03283392320197628 0
0.04601354899530787 0.02372536729095372 0
0.01995048573181243 -0.01593507136328346 0
-0.05216493132301318 -0.005137797305241432 0
0.01040505351254722 0.004785656650961711 0
0.0120108843428485 0.005182402314925715 0
0.006370928459581074 -0.00564215540539429 0
-0.00259490970847697 -0.008288998836631662 0
-0.04064698864300919 0.008962991440261511 0
-0.04025333681997093 0.03231824514316792 0
-0.0141056775202799 -0.005579173681847828 0
-0.01769347410442525 -0.006378508238071475 0
-0.002582541660171892 -0.004123915274202514 0
0.007552316194420356 -0.0007564432647287075 0
-0.002426126203476072 -0.0002873769474331292 0
-0.002081632653071098 -0.0002142641267806515 0
-0.009513258319246255 -0.006480899389334581 0
-0.011789766551782 -0.009090267873004987 0
0.006234977017962447 0.001341052366480493 0
-0.005976570895582033 -0.000518097018349797 0
-0.0001100462241809957 0.005563048945837095 0
-0.007244615861108927 -0.01283807629944601 0
-0.04631288008005081 -0.02486928148187682 0
-0.009904070957808243 -0.004578687484490826 0
0.01252543187311812 0.002483244037660176 0
0.001068505696277417 -0.01617117427858958 0
0.01259452256986743 0.04945168175002814 0
0.002456213988674821 -0.003284902458431074 0
0.005430353229979698 0.01069900493991546 0
-0.01511885885845103 -0.0002918724059850512 0
-0.01375679767924003 0.001644537205736675 0
0.009637696665254058 -0.006163988778488014 0
-0.03248183839864421 0.02686684190190196 0
-0.02547916843186149 -0.002275625981241336 0
0.03732810757517396 0.02129445166331871 0
0.01163361665132881 -0.007203636554148418 0
0.006883663706999938 -0.001890940471188205 0
0.007235225497147221 0.005165649187279803 0
0.009375873784185928 -0.01740344685316008 0
-0.001495775264436854 0.006176684770632489 0
-0.01411345936503355 0.01656614156343375 0
0.0140280964449293 -0.006197568320842746 0
0.009230462758999095 -0.001765572847688934 0
0.00926341352410426 -0.002663098430609822 0
0.004357243326394419 0.006583689147224939 0
-0.004061132853822266 0.005611080740602726 0
0.005590257623713782 -0.01511370328813473 0
0.004685728859278046 0.001277384633780299 0
0.001358679849190663 0.001334645176478231 0
0.006141996988935987 0.01317161231765829 0
0.0070008945481432 0.008585507555341935 0
0.004621016015784393 0.02703382351863001 0
-0.004601633767794363 -0.005085247275912095 0
-0.004760009317939778 -0.0005491461981054388 0
0.003272839213405716 0.003676149347769774 0
0.0006383005977714149 -0.0001719612064770056 0
0.00753265008306719 -0.002231432273289614 0
-0.01389293918421993 -0.01197447040100963 0
-0.02440569738729891 0.007888053024097234 0
0.0139569027105782 0.007403435351852463 0
0.006022947527933866 0.04191291853612618 0
-0.003611047531432131 -0.03257094062595031 0
0.004323928439280063 -0.003663682926665334 0
0.05091979895461024 -0.01545668120773339 0
-0.0002767089967239507 -0.0002223611842876733 0
-0.005608534243970867 0.02100104299669859 0
0.005214767302890978 -0.003668260047759074 0
-0.01352312102332644 -0.002336618376868854 0
-0.004735576339602392 0.009362998847315914 0
-0.007675220947704859 -0.006078343523717766 0
-0.003306122448986009 -0.0001710878537312309 0
-0.006870518198180755 -0.002526174237946247 0
$EndNodes
$Elements
30 2885 1 2885
0 2 15 1
1 1 
0 200 15 1
2 5 
0 201 15 1
3 6 
0 202 15 1
4 7 
0 203 15 1
5 8 
0 204 15 1
6 9 
0 205 15 1
7 10 
0 206 15 1
8 11 
0 207 15 1
9 12 
0 208 15 1
10 13 
0 209 15 1
11 14 
0 210 15 1
12 15 
0 211 15 1
13 16 
0 212 15 1
14 17 
0 213 15 1
15 18 
0 214 15 1
16 19 
0 215 15 1
17 20 
1 2 1 8
18 1 21 
19 21 22 
20 22 23 
21 23 24 
22 24 25 
23 25 26 
24 26 27 
25 27 2 
1 4 1 8
26 2 28 
27 28 29 
28 29 30 
29 30 31 
30 31 32 
31 32 33 
32 33 34 
33 34 3 
1 6 1 8
34 3 35 
35 35 36 
36 36 37 
37 37 38 
38 38 39 
39 39 40 
40 40 41 
41 41 4 
1 8 1 8
42 4 42 
43 42 43 
44 43 44 
45 44 45 
46 45 46 
47 46 47 
48 47 48 
49 48 1 
1 10 1 49
50 5 49 
51 49 50 
52 50 51 
53 51 52 
54 52 53 
55 53 54 
56 54 55 
57 55 56 
58 56 57 
59 57 58 
60 58 59 
61 59 60 
62 60 61 
63 61 62 
64 62 63 
65 63 64 
66 64 65 
67 65 66 
68 66 67 
69 67 68 
70 68 69 
71 69 70 
72 70 71 
73 71 72 
74 72 73 
75 73 74 
76 74 75 
77 75 76 
78 76 77 
79 77 78 
80 78 79 
81 79 80 
82 80 81 
83 81 82 
84 82 83 
85 83 84 
86 84 85 
87 85 86 
88 86 87 
89 87 88 
90 88 89 
91 89 90 
92 90 91 
93 91 92 
94 92 93 
95 93 94 
96 94 95 
97 95 96 
98 96 6 
1 11 1 49
99 7 97 
100 97 98 
101 98 99 
102 99 100 
103 100 101 
104 101 102 
105 102 103 
106 103 104 
107 104 105 
108 105 106 
109 106 107 
110 107 108 
111 108 109 
112 109 110 
113 110 111 
114 111 112 
115 112 113 
116 113 114 
117 114 115 
118 115 116 
119 116 117 
120 117 118 
121 118 119 
122 119 120 
123 120 121 
124 121 122 
125 122 123 
126 123 124 
127 124 125 
128 125 126 
129 126 127 
130 127 128 
131 128 129 
132 129 130 
133 130 131 
134 131 132 
135 132 133 
136 133 134 
137 134 135 
138 135 136 
139 136 137 
140 137 138 
141 138 139 
142 139 140 
143 140 141 
144 141 142 
145 142 143 
146 143 144 
147 144 8 
1 12 1 49
148 9 145 
149 145 146 
150 146 147 
151 147 148 
152 148 149 
153 149 150 
154 150 151 
155 151 152 
156 152 153 
157 153 154 
158 154 155 
159 155 156 
160 156 157 
161 157 158 
162 158 159 
163 159 160 
164 160 161 
165 161 162 
166 162 163 
167 163 164 
168 164 165 
169 165 166 
170 166 167 
171 167 168 
172 168 169 
173 169 170 
174 170 171 
175 171 172 
176 172 173 
177 173 174 
178 174 175 
179 175 176 
180 176 177 
181 177 178 
182 178 179 
183 179 180 
184 180 181 
185 181 182 
186 182 183 
187 183 184 
188 184 185 
189 185 186 
190 186 187 
191 187 188 
192 188 189 
193 189 190 
194 190 191 
195 191 192 
196 192 10 
1 13 1 49
197 11 193 
198 193 194 
199 194 195 
200 195 196 
201 196 197 
202 197 198 
203 198 199 
204 199 200 
205 200 201 
206 201 202 
207 202 203 
208 203 204 
209 204 205 
210 205 206 
211 206 207 
212 207 208 
213 208 209 
214 209 210 
215 210 211 
216 211 212 
217 212 213 
218 213 214 
219 214 215 
220 215 216 
221 216 217 
222 217 218 
223 218 219 
224 219 220 
225 220 221 
226 221 222 
227 222 223 
228 223 224 
229 224 225 
230 225 226 
231 226 227 
232 227 228 
233 228 229 
234 229 230 
235 230 231 
236 231 232 
237 232 233 
238 233 234 
239 234 235 
240 235 236 
241 236 237 
242 237 238 
243 238 239 
244 239 240 
245 240 12 
1 14 1 49
246 13 241 
247 241 242 
248 242 243 
249 243 244 
250 244 245 
251 245 246 
252 246 247 
253 247 248 
254 248 249 
255 249 250 
256 250 251 
257 251 252 
258 252 253 
259 253 254 
260 254 255 
261 255 256 
262 256 257 
263 257 258 
264 258 259 
265 259 260 
266 260 261 
267 261 262 
268 262 263 
269 263 264 
270 264 265 
271 265 266 
272 266 267 
273 267 268 
274 268 269 
275 269 270 
276 270 271 
277 271 272 
278 272 273 
279 273 274 
280 274 275 
281 275 276 
282 276 277 
283 277 278 
284 278 279 
285 279 280 
286 280 281 
287 281 282 
288 282 283 
289 283 284 
290 284 285 
291 285 286 
292 286 287 
293 287 288 
294 288 14 
1 15 1 49
295 15 289 
296 289 290 
297 290 291 
298 291 292 
299 292 293 
300 293 294 
301 294 295 
302 295 296 
303 296 297 
304 297 298 
305 298 299 
306 299 300 
307 300 301 
308 301 302 
309 302 303 
310 303 304 
311 304 305 
312 305 306 
313 306 307 
314 307 308 
315 308 309 
316 309 310 
317 310 311 
318 311 312 
319 312 313 
320 313 314 
321 314 315 
322 315 316 
323 316 317 
324 317 318 
325 318 319 
326 319 320 
327 320 321 
328 321 322 
329 322 323 
330 323 324 
331 324 325 
332 325 326 
333 326 327 
334 327 328 
335 328 329 
336 329 330 
337 330 331 
338 331 332 
339 332 333 
340 333 334 
341 334 335 
342 335 336 
343 336 16 
1 16 1 49
344 17 337 
345 337 338 
346 338 339 
347 339 340 
348 340 341 
349 341 342 
350 342 343 
351 343 344 
352 344 345 
353 345 346 
354 346 347 
355 347 348 
356 348 349 
357 349 350 
358 350 351 
359 351 352 
360 352 353 
361 353 354 
362 354 355 
363 355 356 
364 356 357 
365 357 358 
366 358 359 
367 359 360 
368 360 361 
369 361 362 
370 362 363 
371 363 364 
372 364 365 
373 365 366 
374 366 367 
375 367 368 
376 368 369 
377 369 370 
378 370 371 
379 371 372 
380 372 373 
381 373 374 
382 374 375 
383 375 376 
384 376 377 
385 377 378 
386 378 379 
387 379 380 
388 380 381 
389 381 382 
390 382 383 
391 383 384 
392 384 18 
1 17 1 49
393 19 385 
394 385 386 
395 386 387 
396 387 388 
397 388 389 
398 389 390 
399 390 391 
400 391 392 
401 392 393 
402 393 394 
403 394 395 
404 395 396 
405 396 397 
406 397 398 
407 398 399 
408 399 400 
409 400 401 
410 401 402 
411 402 403 
412 403 404 
413 404 405 
414 405 406 
415 406 407 
416 407 408 
417 408 409 
418 409 410 
419 410 411 
420 411 412 
421 412 413 
422 413 414 
423 414 415 
424 415 416 
425 416 417 
426 417 418 
427 418 419 
428 419 420 
429 420 421 
430 421 422 
431 422 423 
432 423 424 
433 424 425 
434 425 426 
435 426 427 
436 427 428 
437 428 429 
438 429 430 
439 430 431 
440 431 432 
441 432 20 
2 2 2 2444
442 66 65 746 
443 637 645 720 
444 586 583 1160 
445 646 637 720 
446 489 484 1192 
447 459 453 560 
448 385 386 1017 
449 387 388 1017 
450 508 475 545 
451 562 565 1195 
452 645 718 719 
453 614 622 669 
454 1173 513 1192 
455 546 490 1207 
456 499 497 553 
457 494 674 675 
458 471 469 1151 
459 74 73 749 
460 721 679 739 
461 673 459 740 
462 566 601 605 
463 456 460 554 
464 3 35 569 
465 450 448 1206 
466 679 683 739 
467 588 587 1224 
468 665 674 1154 
469 70 69 747 
470 610 647 710 
471 481 486 550 
472 548 1157 1213 
473 451 519 524 
474 612 610 710 
475 514 498 1170 
476 525 582 583 
477 624 667 1191 
478 717 716 1164 
479 561 560 1163 
480 566 562 1195 
481 516 493 550 
482 469 468 1153 
483 521 1194 1228 
484 523 521 1228 
485 85 84 1129 
486 507 1178 1185 
487 620 618 1131 
488 486 488 499 
489 37 38 528 
490 525 583 584 
491 575 739 1149 
492 487 484 489 
493 453 452 1193 
494 627 625 628 
495 645 719 720 
496 565 567 1230 
497 587 585 1224 
498 519 492 520 
499 508 547 1212 
500 562 564 565 
501 669 622 671 
502 482 481 1156 
503 560 559 1163 
504 388 389 1016 
505 455 454 1189 
506 584 583 1211 
507 620 1131 1239 
508 456 455 1225 
509 32 33 521 
510 616 614 669 
511 481 480 1156 
512 559 558 563 
513 674 494 1154 
514 493 516 518 
515 12 10 723 
516 8 6 723 
517 536 510 1176 
518 454 453 1189 
519 449 448 450 
520 513 729 730 
521 436 37 528 
522 452 450 1193 
523 741 673 1237 
524 498 519 1170 
525 625 624 1239 
526 438 32 521 
527 710 647 733 
528 668 624 1191 
529 475 473 545 
530 545 490 546 
531 459 673 741 
532 519 520 1209 
533 549 536 1176 
534 1150 509 1153 
535 468 466 1153 
536 526 524 534 
537 494 675 717 
538 451 448 1170 
539 604 598 785 
540 595 592 598 
541 453 459 1189 
542 497 515 553 
543 424 425 807 
544 89 88 812 
545 416 417 868 
546 87 86 812 
547 431 432 756 
548 90 89 787 
549 96 95 758 
550 418 419 891 
551 81 80 899 
552 94 93 785 
553 429 430 774 
554 79 78 899 
555 389 390 1015 
556 54 53 1036 
557 49 5 1026 
558 391 392 1015 
559 403 404 949 
560 51 50 1105 
561 406 407 1068 
562 398 399 957 
563 392 393 973 
564 394 395 981 
565 399 400 1137 
566 396 397 981 
567 401 402 1137 
568 404 405 1068 
569 53 52 1105 
570 477 475 1217 
571 466 464 1150 
572 618 616 621 
573 411 412 680 
574 562 566 607 
575 422 423 1138 
576 420 421 1138 
577 583 582 1161 
578 650 649 732 
579 564 562 1163 
580 705 491 1205 
581 524 519 1209 
582 585 587 1211 
583 490 548 1207 
584 463 462 1197 
585 83 82 1129 
586 595 598 604 
587 593 592 595 
588 626 625 627 
589 449 450 452 
590 462 461 1179 
591 739 575 1167 
592 434 3 569 
593 58 57 1145 
594 56 55 1145 
595 589 585 1159 
596 565 564 567 
597 601 566 1195 
598 470 469 471 
599 608 606 609 
600 725 601 1195 
601 708 511 718 
602 459 560 1175 
603 477 480 481 
604 452 453 454 
605 19 666 1079 
606 35 551 569 
607 732 649 1131 
608 591 588 592 
609 571 721 739 
610 490 473 1236 
611 666 19 1018 
612 518 438 521 
613 464 463 1197 
614 606 605 736 
615 624 620 1239 
616 628 625 649 
617 566 605 606 
618 460 502 554 
619 493 518 523 
620 627 628 629 
621 655 653 981 
622 604 785 1128 
623 451 524 526 
624 481 482 1227 
625 621 616 669 
626 517 438 518 
627 475 508 1196 
628 509 717 1164 
629 480 477 1217 
630 484 1173 1192 
631 614 612 622 
632 448 451 1206 
633 741 1184 1185 
634 498 514 539 
635 473 471 1236 
636 425 426 776 
637 461 462 463 
638 19 385 1018 
639 459 741 1189 
640 1160 583 1161 
641 443 515 552 
642 518 521 523 
643 515 443 553 
644 622 612 710 
645 458 558 559 
646 92 91 1128 
647 473 490 545 
648 527 436 528 
649 730 1161 1192 
650 428 429 1215 
651 548 490 1157 
652 15 17 1079 
653 414 415 1216 
654 407 408 731 
655 458 560 1193 
656 10 8 723 
657 674 665 1143 
658 1131 649 1239 
659 409 410 680 
660 547 508 570 
661 703 575 1222 
662 629 628 630 
663 505 527 1200 
664 71 70 1232 
665 486 499 500 
666 465 464 466 
667 448 446 514 
668 447 446 448 
669 735 576 1166 
670 412 413 681 
671 585 589 1224 
672 522 436 527 
673 498 492 519 
674 740 561 1152 
675 605 603 736 
676 527 528 1200 
677 608 609 610 
678 1026 732 1105 
679 572 508 1212 
680 486 516 550 
681 594 593 595 
682 601 600 605 
683 511 471 1151 
684 560 453 1193 
685 399 734 957 
686 520 492 581 
687 454 455 456 
688 458 559 560 
689 1105 732 1221 
690 615 614 616 
691 721 571 738 
692 697 701 727 
693 704 705 1205 
694 587 588 590 
695 1158 714 1159 
696 621 669 670 
697 460 457 1179 
698 610 609 647 
699 684 682 868 
700 741 455 1189 
701 590 588 591 
702 633 631 634 
703 560 561 1175 
704 607 606 608 
705 491 705 1139 
706 613 612 614 
707 957 655 981 
708 638 636 639 
709 629 630 631 
710 448 514 1170 
711 447 448 449 
712 535 587 590 
713 698 697 727 
714 624 625 626 
715 628 649 650 
716 455 741 1185 
717 582 489 1161 
718 693 702 756 
719 571 739 1167 
720 594 595 596 
721 30 31 538 
722 468 469 470 
723 568 594 725 
724 633 634 635 
725 617 616 618 
726 692 690 693 
727 542 499 553 
728 720 1136 1164 
729 532 503 554 
730 438 517 538 
731 638 639 640 
732 598 592 1142 
733 611 610 612 
734 609 606 736 
735 696 694 697 
736 663 630 1125 
737 594 596 597 
738 635 634 636 
739 692 693 694 
740 640 639 641 
741 640 641 643 
742 643 641 644 
743 660 661 721 
744 660 659 661 
745 658 659 660 
746 689 688 690 
747 658 657 659 
748 687 688 689 
749 656 657 658 
750 687 686 688 
751 656 655 657 
752 685 686 687 
753 654 655 656 
754 685 684 686 
755 695 694 696 
756 545 546 570 
757 691 690 692 
758 654 653 655 
759 31 438 538 
760 683 684 685 
761 692 694 695 
762 732 1026 1187 
763 439 539 541 
764 472 471 473 
765 637 636 638 
766 1194 434 1228 
767 630 628 650 
768 632 631 633 
769 20 18 722 
770 666 634 1079 
771 661 679 721 
772 567 590 1234 
773 621 670 732 
774 679 681 682 
775 689 690 691 
776 537 441 1176 
777 644 653 654 
778 643 644 726 
779 28 29 442 
780 42 43 440 
781 22 23 435 
782 36 37 436 
783 25 26 439 
784 39 40 441 
785 31 32 438 
786 45 46 437 
787 48 1 433 
788 27 2 443 
789 34 3 434 
790 41 4 444 
791 701 714 727 
792 644 654 726 
793 454 456 554 
794 519 451 1170 
795 77 76 1124 
796 597 600 601 
797 683 682 684 
798 619 618 620 
799 718 511 719 
800 531 532 554 
801 446 445 541 
802 576 735 1148 
803 437 531 557 
804 559 563 564 
805 529 440 530 
806 729 513 1134 
807 531 530 557 
808 594 597 725 
809 562 607 715 
810 597 601 725 
811 492 487 581 
812 694 693 700 
813 618 621 1131 
814 635 636 637 
815 1178 457 1185 
816 471 511 1236 
817 435 446 447 
818 441 555 1176 
819 425 776 807 
820 466 1150 1153 
821 629 631 632 
822 1166 576 1207 
823 592 588 1204 
824 715 672 1152 
825 693 690 702 
826 654 656 677 
827 407 731 1068 
828 1125 630 1146 
829 21 22 543 
830 583 586 1210 
831 484 483 1227 
832 474 473 475 
833 697 700 701 
834 644 652 653 
835 486 500 516 
836 654 677 726 
837 600 603 605 
838 47 48 544 
839 701 713 714 
840 86 85 813 
841 591 592 593 
842 442 542 553 
843 533 433 540 
844 608 610 611 
845 631 630 663 
846 576 1188 1207 
847 22 435 543 
848 539 439 552 
849 442 553 556 
850 636 634 666 
851 48 433 544 
852 444 549 1176 
853 697 694 700 
854 476 475 477 
855 644 641 652 
856 634 663 1079 
857 506 522 527 
858 415 416 869 
859 463 464 465 
860 558 458 1214 
861 73 72 749 
862 513 730 1192 
863 684 868 891 
864 1136 719 1151 
865 573 703 1126 
866 457 456 1225 
867 603 602 872 
868 656 658 735 
869 597 599 600 
870 679 682 683 
871 461 460 1179 
872 485 484 487 
873 14 12 722 
874 1142 592 1204 
875 528 38 1177 
876 696 697 698 
877 568 593 594 
878 565 725 1195 
879 511 708 1157 
880 739 683 1149 
881 503 532 533 
882 1136 509 1164 
883 679 678 681 
884 529 501 536 
885 502 530 531 
886 559 564 1163 
887 691 692 1133 
888 487 489 581 
889 447 540 543 
890 646 716 1132 
891 531 437 532 
892 575 703 1140 
893 467 466 468 
894 568 591 593 
895 530 440 1190 
896 597 596 599 
897 603 872 899 
898 535 590 1174 
899 494 717 1198 
900 690 688 702 
901 692 695 1133 
902 652 641 664 
903 662 609 736 
904 611 612 613 
905 623 620 624 
906 711 404 1068 
907 558 534 577 
908 436 522 551 
909 647 609 662 
910 703 573 1140 
911 386 387 1017 
912 533 532 544 
913 17 19 1079 
914 514 446 541 
915 541 445 1168 
916 677 656 735 
917 526 558 1214 
918 587 584 1211 
919 483 481 1227 
920 566 606 607 
921 756 702 774 
922 535 577 1199 
923 521 33 1194 
924 634 631 663 
925 670 669 742 
926 575 1140 1167 
927 564 563 567 
928 435 447 543 
929 35 36 551 
930 621 732 1131 
931 535 584 587 
932 716 642 1132 
933 582 525 1209 
934 447 449 540 
935 658 660 1148 
936 660 721 738 
937 718 645 1130 
938 1157 708 1213 
939 613 614 615 
940 581 489 582 
941 627 629 1143 
942 404 711 949 
943 687 689 703 
944 641 639 664 
945 36 436 551 
946 456 457 460 
947 522 512 569 
948 529 536 549 
949 665 627 1143 
950 651 740 1152 
951 639 636 666 
952 715 607 1144 
953 435 445 446 
954 626 627 665 
955 533 540 1229 
956 702 688 706 
957 638 640 1130 
958 493 523 1219 
959 707 643 726 
960 516 517 518 
961 730 1160 1161 
962 502 531 554 
963 526 534 558 
964 440 529 549 
965 470 471 472 
966 580 479 1208 
967 639 666 1018 
968 664 639 1018 
969 1133 704 1205 
970 630 650 1146 
971 633 635 1132 
972 1127 1133 1205 
973 505 479 580 
974 502 529 530 
975 469 1136 1151 
976 506 512 522 
977 1139 1172 1173 
978 539 514 541 
979 669 671 742 
980 506 478 1233 
981 713 1142 1181 
982 732 670 1221 
983 629 632 1143 
984 615 616 617 
985 573 1147 1212 
986 700 693 1186 
987 637 638 645 
988 640 643 648 
989 510 495 1226 
990 698 727 728 
991 1161 489 1192 
992 433 533 544 
993 661 678 679 
994 1159 714 1181 
995 589 1159 1181 
996 69 68 747 
997 648 718 1130 
998 662 736 737 
999 488 487 492 
1000 586 1158 1159 
1001 23 24 445 
1002 40 41 555 
1003 735 658 1148 
1004 523 512 1219 
1005 2 28 556 
1006 734 399 1137 
1007 675 642 716 
1008 483 484 485 
1009 683 685 1149 
1010 632 633 642 
1011 590 567 1174 
1012 44 45 557 
1013 635 637 646 
1014 46 47 578 
1015 598 758 785 
1016 1 21 579 
1017 435 23 445 
1018 441 40 555 
1019 41 444 555 
1020 713 759 1142 
1021 543 540 579 
1022 503 454 554 
1023 28 442 556 
1024 443 2 556 
1025 676 711 1068 
1026 45 437 557 
1027 29 30 1169 
1028 695 696 699 
1029 689 691 1126 
1030 38 39 1177 
1031 706 724 807 
1032 527 505 580 
1033 33 34 1194 
1034 740 651 1220 
1035 548 1166 1207 
1036 652 664 1016 
1037 617 618 619 
1038 495 510 536 
1039 668 1184 1237 
1040 728 727 1158 
1041 465 466 467 
1042 688 686 706 
1043 709 622 710 
1044 702 706 775 
1045 25 439 1168 
1046 600 602 603 
1047 542 442 1202 
1048 561 740 1175 
1049 649 625 1239 
1050 42 440 1171 
1051 444 4 1171 
1052 648 708 718 
1053 727 714 1158 
1054 661 659 676 
1055 672 715 1144 
1056 1178 1155 1235 
1057 440 43 1190 
1058 701 712 713 
1059 646 720 1164 
1060 440 549 1171 
1061 506 527 580 
1062 508 545 570 
1063 20 722 1186 
1064 439 26 1231 
1065 27 443 1231 
1066 734 655 957 
1067 500 499 542 
1068 544 532 578 
1069 442 1169 1202 
1070 711 734 949 
1071 510 504 537 
1072 516 500 517 
1073 1078 663 1125 
1074 1149 685 1222 
1075 619 620 623 
1076 478 506 580 
1077 506 496 512 
1078 569 512 1228 
1079 676 659 711 
1080 746 65 1183 
1081 648 643 707 
1082 472 473 474 
1083 706 686 724 
1084 693 756 1186 
1085 511 1157 1236 
1086 437 46 578 
1087 433 1 579 
1088 660 738 1148 
1089 577 535 1174 
1090 24 25 1168 
1091 426 427 776 
1092 474 475 476 
1093 4 42 1171 
1094 717 509 1150 
1095 495 536 1201 
1096 1196 572 1218 
1097 478 580 1208 
1098 687 703 1222 
1099 452 454 503 
1100 497 492 498 
1101 571 574 1188 
1102 408 409 731 
1103 442 29 1169 
1104 695 704 1133 
1105 504 510 1226 
1106 1127 691 1133 
1107 685 687 1222 
1108 596 595 604 
1109 532 437 578 
1110 659 657 711 
1111 512 496 1219 
1112 534 524 1203 
1113 540 449 1229 
1114 608 611 1144 
1115 43 44 1190 
1116 30 538 1169 
1117 476 477 493 
1118 868 682 869 
1119 39 441 1177 
1120 477 481 550 
1121 568 1230 1234 
1122 460 461 501 
1123 603 899 1124 
1124 714 713 1181 
1125 711 657 734 
1126 716 646 1164 
1127 496 506 1233 
1128 515 539 552 
1129 475 1196 1217 
1130 684 891 1138 
1131 34 434 1194 
1132 736 603 737 
1133 515 498 539 
1134 695 699 704 
1135 686 684 724 
1136 504 505 537 
1137 738 576 1148 
1138 657 655 734 
1139 1126 691 1127 
1140 567 563 1174 
1141 645 638 1130 
1142 500 542 1202 
1143 701 700 712 
1144 517 500 1202 
1145 502 501 529 
1146 21 543 579 
1147 1230 567 1234 
1148 1159 585 1210 
1149 47 544 578 
1150 600 599 602 
1151 536 501 1201 
1152 1142 589 1181 
1153 26 27 1231 
1154 607 608 1144 
1155 485 487 488 
1156 493 477 550 
1157 653 652 1141 
1158 673 740 1220 
1159 696 698 1135 
1160 632 642 674 
1161 561 715 1152 
1162 650 732 1187 
1163 653 973 981 
1164 441 537 1200 
1165 1136 469 1153 
1166 642 633 1132 
1167 611 613 672 
1168 577 534 1199 
1169 540 433 579 
1170 553 443 556 
1171 1188 546 1207 
1172 467 468 479 
1173 719 511 1151 
1174 623 624 668 
1175 439 541 1168 
1176 563 558 577 
1177 591 568 1234 
1178 662 737 750 
1179 640 648 1130 
1180 568 725 1230 
1181 698 728 729 
1182 551 522 569 
1183 740 459 1175 
1184 68 67 746 
1185 488 497 499 
1186 61 60 744 
1187 703 689 1126 
1188 491 1139 1156 
1189 563 577 1174 
1190 1139 705 1172 
1191 62 61 744 
1192 635 646 1132 
1193 520 581 582 
1194 590 591 1234 
1195 675 716 717 
1196 671 622 709 
1197 482 1139 1173 
1198 724 684 1138 
1199 549 444 1171 
1200 720 719 1136 
1201 632 674 1143 
1202 78 77 1124 
1203 667 1155 1191 
1204 574 571 1167 
1205 467 479 504 
1206 488 492 497 
1207 463 465 495 
1208 520 582 1209 
1209 575 1149 1222 
1210 723 6 759 
1211 1147 572 1212 
1212 573 1127 1147 
1213 552 439 1231 
1214 443 552 1231 
1215 84 83 1129 
1216 460 501 502 
1217 503 533 1229 
1218 589 1142 1204 
1219 745 733 746 
1220 445 24 1168 
1221 626 665 667 
1222 510 537 1176 
1223 470 472 478 
1224 677 735 1166 
1225 1177 441 1200 
1226 483 485 486 
1227 501 461 1201 
1228 615 617 651 
1229 710 733 745 
1230 474 476 496 
1231 538 517 1202 
1232 619 623 673 
1233 726 677 1165 
1234 709 710 745 
1235 648 707 708 
1236 705 699 1134 
1237 497 498 515 
1238 667 665 1154 
1239 451 526 1206 
1240 729 728 730 
1241 584 535 1199 
1242 674 642 675 
1243 713 712 723 
1244 504 479 505 
1245 1184 741 1237 
1246 704 699 705 
1247 44 557 1190 
1248 93 92 1128 
1249 574 546 1188 
1250 512 523 1228 
1251 1184 668 1191 
1252 557 530 1190 
1253 547 570 574 
1254 599 596 1162 
1255 480 1196 1218 
1256 667 1154 1155 
1257 572 1147 1218 
1258 508 572 1196 
1259 611 672 1144 
1260 1152 672 1180 
1261 699 696 1135 
1262 737 603 1124 
1263 661 676 678 
1264 434 569 1228 
1265 745 746 1183 
1266 1134 699 1135 
1267 5 1146 1187 
1268 457 1178 1179 
1269 449 452 1229 
1270 759 598 1142 
1271 562 715 1163 
1272 462 1178 1235 
1273 479 468 1208 
1274 1155 507 1191 
1275 728 1158 1160 
1276 1140 547 1167 
1277 1140 573 1212 
1278 730 728 1160 
1279 682 681 1216 
1280 717 1150 1198 
1281 725 565 1230 
1282 698 729 1135 
1283 458 1193 1214 
1284 421 422 1138 
1285 570 546 574 
1286 507 1155 1178 
1287 647 662 748 
1288 576 738 1188 
1289 389 1015 1016 
1290 452 503 1229 
1291 555 444 1176 
1292 509 1136 1153 
1293 813 599 1162 
1294 869 682 1216 
1295 1184 507 1185 
1296 537 505 1200 
1297 1197 494 1198 
1298 1155 1154 1235 
1299 5 1125 1146 
1300 548 1165 1166 
1301 776 706 807 
1302 573 1126 1127 
1303 461 463 1201 
1304 812 813 1162 
1305 583 1210 1211 
1306 467 504 1226 
1307 973 653 1141 
1308 731 676 1068 
1309 651 1152 1180 
1310 715 561 1163 
1311 528 1177 1200 
1312 1139 482 1156 
1313 468 470 1208 
1314 388 1016 1017 
1315 613 615 1180 
1316 949 734 1137 
1317 1172 513 1173 
1318 57 56 1145 
1319 738 571 1188 
1320 705 1134 1172 
1321 1147 1127 1205 
1322 1169 538 1202 
1323 722 700 1186 
1324 707 726 1165 
1325 1165 677 1166 
1326 729 1134 1135 
1327 429 774 775 
1328 474 496 1233 
1329 494 1197 1235 
1330 525 584 1199 
1331 586 1159 1210 
1332 1203 524 1209 
1333 712 700 722 
1334 758 598 759 
1335 619 673 1220 
1336 713 723 759 
1337 787 89 1162 
1338 385 1017 1018 
1339 899 78 1124 
1340 1134 513 1172 
1341 1178 462 1179 
1342 1165 548 1213 
1343 615 651 1180 
1344 708 707 1213 
1345 410 411 680 
1346 1158 586 1160 
1347 547 574 1167 
1348 589 1204 1224 
1349 70 747 748 
1350 722 12 723 
1351 89 812 1162 
1352 491 1156 1218 
1353 1210 585 1211 
1354 547 1140 1212 
1355 1156 480 1218 
1356 1199 534 1203 
1357 672 613 1180 
1358 470 478 1208 
1359 463 495 1201 
1360 1154 494 1235 
1361 1185 457 1225 
1362 465 467 1226 
1363 525 1203 1209 
1364 74 749 750 
1365 1206 526 1214 
1366 617 619 1220 
1367 1157 490 1236 
1368 1124 76 1223 
1369 1147 491 1218 
1370 742 1036 1221 
1371 472 474 1233 
1372 812 86 813 
1373 495 465 1226 
1374 476 493 1219 
1375 680 412 681 
1376 670 742 1221 
1377 416 868 869 
1378 63 62 1182 
1379 671 709 743 
1380 813 85 1129 
1381 392 973 1141 
1382 623 668 1237 
1383 482 1173 1227 
1384 507 1184 1191 
1385 678 676 731 
1386 1204 588 1224 
1387 496 476 1219 
1388 673 623 1237 
1389 478 472 1233 
1390 1196 480 1217 
1391 651 617 1220 
1392 743 709 744 
1393 1015 652 1016 
1394 785 93 1128 
1395 663 1078 1079 
1396 652 1015 1141 
1397 596 604 1162 
1398 707 1165 1213 
1399 1036 53 1221 
1400 525 1199 1203 
1401 743 58 1145 
1402 1026 5 1187 
1403 1015 392 1141 
1404 604 787 1162 
1405 1197 462 1235 
1406 409 680 731 
1407 774 702 775 
1408 18 16 722 
1409 455 1185 1225 
1410 491 1147 1205 
1411 427 428 1215 
1412 415 869 1216 
1413 413 414 1216 
1414 680 678 731 
1415 1078 15 1079 
1416 16 14 722 
1417 1193 450 1214 
1418 464 1197 1198 
1419 53 1105 1221 
1420 72 71 1232 
1421 1150 464 1198 
1422 602 599 813 
1423 748 662 749 
1424 431 756 774 
1425 758 95 785 
1426 868 418 891 
1427 872 81 899 
1428 50 1026 1105 
1429 402 949 1137 
1430 973 394 981 
1431 397 957 981 
1432 65 64 1183 
1433 64 63 1183 
1434 423 807 1138 
1435 891 420 1138 
1436 1173 484 1227 
1437 82 872 1129 
1438 55 1036 1145 
1439 775 706 776 
1440 744 60 1238 
1441 450 1206 1214 
1442 733 647 747 
1443 91 787 1128 
1444 429 775 1215 
1445 70 748 1232 
1446 872 602 1129 
1447 602 813 1129 
1448 747 647 748 
1449 68 746 747 
1450 807 724 1138 
1451 75 74 1223 
1452 76 75 1223 
1453 681 413 1216 
1454 742 671 743 
1455 750 737 1124 
1456 6 758 759 
1457 756 20 1186 
1458 787 604 1128 
1459 750 1124 1223 
1460 9 11 1125 
1461 13 15 1078 
1462 5 7 1125 
1463 59 58 1238 
1464 60 59 1238 
1465 74 750 1223 
1466 67 66 746 
1467 1016 664 1017 
1468 1036 742 1145 
1469 144 8 760 
1470 240 12 751 
1471 384 18 755 
1472 10 192 760 
1473 16 336 753 
1474 14 288 751 
1475 288 14 753 
1476 20 432 755 
1477 336 16 754 
1478 192 10 752 
1479 96 6 757 
1480 8 144 757 
1481 12 240 752 
1482 18 384 754 
1483 289 15 1082 
1484 7 97 1099 
1485 97 7 1103 
1486 17 337 1083 
1487 11 193 1077 
1488 13 241 1082 
1489 145 9 1099 
1490 5 49 1103 
1491 241 13 1077 
1492 385 19 1083 
1493 337 17 1080 
1494 193 11 1081 
1495 9 145 1081 
1496 15 289 1080 
1497 384 383 795 
1498 336 335 825 
1499 287 288 825 
1500 335 336 795 
1501 143 144 831 
1502 383 384 827 
1503 432 431 827 
1504 192 191 831 
1505 191 192 796 
1506 239 240 768 
1507 288 287 768 
1508 95 96 829 
1509 144 143 829 
1510 240 239 796 
1511 194 193 1023 
1512 241 242 1021 
1513 98 97 1025 
1514 337 338 1019 
1515 145 146 1023 
1516 97 98 1024 
1517 386 385 1019 
1518 290 289 1021 
1519 289 290 1020 
1520 49 50 1025 
1521 242 241 1022 
1522 146 145 1024 
1523 193 194 1022 
1524 338 337 1020 
1525 143 142 784 
1526 335 334 771 
1527 383 382 772 
1528 239 238 770 
1529 191 190 783 
1530 94 95 784 
1531 431 430 773 
1532 286 287 771 
1533 334 335 772 
1534 142 143 783 
1535 190 191 770 
1536 382 383 773 
1537 238 239 769 
1538 287 286 769 
1539 99 98 1032 
1540 338 339 1031 
1541 339 338 1030 
1542 50 51 1032 
1543 243 242 1028 
1544 387 386 1031 
1545 291 290 1029 
1546 147 146 1033 
1547 98 99 1033 
1548 194 195 1028 
1549 290 291 1030 
1550 146 147 1027 
1551 195 194 1027 
1552 242 243 1029 
1553 339 340 1049 
1554 196 195 1045 
1555 195 196 1044 
1556 147 148 1045 
1557 51 52 1104 
1558 100 99 1104 
1559 243 244 1047 
1560 99 100 1051 
1561 291 292 1094 
1562 388 387 1049 
1563 292 291 1047 
1564 244 243 1044 
1565 340 339 1094 
1566 148 147 1051 
1567 334 333 923 
1568 382 381 924 
1569 238 237 921 
1570 381 382 925 
1571 285 286 923 
1572 333 334 924 
1573 189 190 921 
1574 430 429 925 
1575 190 189 927 
1576 237 238 922 
1577 141 142 927 
1578 286 285 922 
1579 93 94 926 
1580 142 141 926 
1581 1146 650 1187 
1582 58 743 1238 
1583 340 341 1096 
1584 293 292 1090 
1585 389 388 1096 
1586 341 340 1091 
1587 197 196 1084 
1588 196 197 1087 
1589 245 244 1087 
1590 148 149 1084 
1591 244 245 1090 
1592 100 101 1100 
1593 52 53 1106 
1594 101 100 1106 
1595 149 148 1100 
1596 292 293 1091 
1597 333 332 931 
1598 332 333 928 
1599 380 381 932 
1600 284 285 931 
1601 429 428 932 
1602 236 237 930 
1603 381 380 928 
1604 141 140 933 
1605 140 141 934 
1606 189 188 934 
1607 237 236 929 
1608 92 93 933 
1609 285 284 930 
1610 188 189 929 
1611 332 331 790 
1612 380 379 791 
1613 140 139 794 
1614 198 197 1037 
1615 101 102 1038 
1616 283 284 790 
1617 428 427 792 
1618 91 92 794 
1619 331 332 791 
1620 379 380 792 
1621 188 187 793 
1622 236 235 788 
1623 235 236 789 
1624 284 283 789 
1625 139 140 793 
1626 187 188 788 
1627 341 342 1042 
1628 390 389 1042 
1629 197 198 1039 
1630 293 294 1041 
1631 53 54 1043 
1632 342 341 1041 
1633 245 246 1040 
1634 149 150 1037 
1635 150 149 1038 
1636 246 245 1039 
1637 294 293 1040 
1638 102 101 1043 
1639 103 102 1035 
1640 102 103 1034 
1641 343 342 1013 
1642 342 343 1014 
1643 295 294 1012 
1644 54 55 1035 
1645 151 150 1034 
1646 294 295 1013 
1647 391 390 1014 
1648 246 247 1012 
1649 247 246 1011 
1650 198 199 1011 
1651 150 151 1010 
1652 199 198 1010 
1653 138 139 782 
1654 234 235 780 
1655 235 234 781 
1656 378 379 777 
1657 187 186 782 
1658 331 330 779 
1659 90 91 786 
1660 139 138 786 
1661 283 282 780 
1662 186 187 781 
1663 427 426 777 
1664 282 283 779 
1665 330 331 778 
1666 379 378 778 
1667 343 344 1050 
1668 200 199 1009 
1669 199 200 1046 
1670 151 152 1009 
1671 247 248 1048 
1672 103 104 1052 
1673 55 56 1107 
1674 295 296 1095 
1675 392 391 1050 
1676 296 295 1048 
1677 248 247 1046 
1678 152 151 1052 
1679 344 343 1095 
1680 104 103 1107 
1681 138 137 828 
1682 377 378 826 
1683 378 377 822 
1684 330 329 824 
1685 89 90 828 
1686 426 425 826 
1687 281 282 824 
1688 329 330 822 
1689 137 138 830 
1690 185 186 823 
1691 186 185 830 
1692 234 233 823 
1693 233 234 797 
1694 282 281 797 
1695 775 776 1215 
1696 344 345 993 
1697 104 105 989 
1698 345 344 992 
1699 297 296 991 
1700 201 200 988 
1701 393 392 993 
1702 248 249 991 
1703 153 152 989 
1704 200 201 990 
1705 249 248 990 
1706 152 153 988 
1707 296 297 992 
1708 56 57 994 
1709 105 104 994 
1710 376 377 808 
1711 329 328 803 
1712 185 184 810 
1713 137 136 814 
1714 425 424 808 
1715 184 185 799 
1716 280 281 803 
1717 136 137 810 
1718 377 376 805 
1719 88 89 814 
1720 328 329 805 
1721 233 232 799 
1722 232 233 798 
1723 281 280 798 
1724 345 346 972 
1725 394 393 972 
1726 153 154 968 
1727 202 201 968 
1728 57 58 966 
1729 154 153 967 
1730 201 202 969 
1731 250 249 969 
1732 249 250 970 
1733 298 297 970 
1734 297 298 971 
1735 106 105 966 
1736 105 106 967 
1737 346 345 971 
1738 375 376 806 
1739 135 136 809 
1740 279 280 802 
1741 183 184 800 
1742 424 423 806 
1743 184 183 809 
1744 328 327 802 
1745 376 375 804 
1746 87 88 811 
1747 136 135 811 
1748 327 328 804 
1749 232 231 800 
1750 231 232 801 
1751 280 279 801 
1752 749 72 1232 
1753 742 743 1145 
1754 346 347 985 
1755 347 346 982 
1756 298 299 982 
1757 250 251 984 
1758 299 298 984 
1759 251 250 983 
1760 154 155 986 
1761 202 203 983 
1762 395 394 985 
1763 203 202 986 
1764 106 107 987 
1765 155 154 987 
1766 58 59 965 
1767 107 106 965 
1768 374 375 819 
1769 278 279 817 
1770 182 183 815 
1771 375 374 818 
1772 423 422 819 
1773 327 326 817 
1774 231 230 815 
1775 183 182 821 
1776 86 87 820 
1777 134 135 821 
1778 135 134 820 
1779 230 231 816 
1780 279 278 816 
1781 326 327 818 
1782 178 177 870 
1783 369 370 867 
1784 177 178 866 
1785 274 273 865 
1786 322 321 864 
1787 370 369 863 
1788 81 82 871 
1789 130 129 871 
1790 273 274 864 
1791 321 322 863 
1792 225 226 865 
1793 226 225 866 
1794 418 417 867 
1795 129 130 870 
1796 321 320 877 
1797 323 322 878 
1798 371 370 879 
1799 317 316 763 
1800 173 172 766 
1801 269 268 764 
1802 316 317 762 
1803 364 365 761 
1804 368 369 880 
1805 370 371 881 
1806 80 81 884 
1807 221 220 765 
1808 225 224 873 
1809 224 225 875 
1810 227 226 874 
1811 226 227 876 
1812 273 272 875 
1813 275 274 876 
1814 320 321 862 
1815 76 77 767 
1816 177 176 885 
1817 179 178 883 
1818 82 83 882 
1819 125 124 767 
1820 128 129 885 
1821 131 130 882 
1822 220 221 764 
1823 413 412 761 
1824 417 416 880 
1825 419 418 881 
1826 129 128 884 
1827 130 131 883 
1828 172 173 765 
1829 176 177 873 
1830 178 179 874 
1831 369 368 862 
1832 365 364 762 
1833 124 125 766 
1834 268 269 763 
1835 272 273 877 
1836 274 275 878 
1837 322 323 879 
1838 361 362 832 
1839 313 314 833 
1840 314 313 834 
1841 217 218 835 
1842 266 265 835 
1843 121 122 838 
1844 73 74 837 
1845 169 170 836 
1846 122 121 837 
1847 218 217 836 
1848 170 169 838 
1849 265 266 834 
1850 410 409 832 
1851 362 361 833 
1852 365 366 843 
1853 270 269 840 
1854 317 318 839 
1855 269 270 842 
1856 318 317 842 
1857 173 174 841 
1858 126 125 844 
1859 125 126 845 
1860 174 173 845 
1861 77 78 844 
1862 221 222 840 
1863 222 221 841 
1864 366 365 839 
1865 414 413 843 
1866 268 267 847 
1867 316 315 848 
1868 315 316 849 
1869 363 364 850 
1870 171 172 846 
1871 172 171 852 
1872 75 76 851 
1873 124 123 851 
1874 267 268 848 
1875 123 124 852 
1876 219 220 847 
1877 412 411 850 
1878 220 219 846 
1879 364 363 849 
1880 371 372 890 
1881 83 84 892 
1882 324 323 889 
1883 276 275 888 
1884 323 324 886 
1885 131 132 893 
1886 228 227 887 
1887 179 180 887 
1888 180 179 893 
1889 227 228 888 
1890 275 276 889 
1891 372 371 886 
1892 420 419 890 
1893 132 131 892 
1894 320 319 896 
1895 319 320 861 
1896 367 368 897 
1897 79 80 898 
1898 175 176 894 
1899 223 224 895 
1900 272 271 895 
1901 127 128 900 
1902 176 175 900 
1903 416 415 897 
1904 128 127 898 
1905 224 223 894 
1906 271 272 896 
1907 368 367 861 
1908 315 314 856 
1909 362 363 857 
1910 219 218 854 
1911 218 219 855 
1912 267 266 855 
1913 314 315 853 
1914 74 75 858 
1915 123 122 858 
1916 122 123 859 
1917 171 170 859 
1918 411 410 857 
1919 266 267 856 
1920 363 362 853 
1921 170 171 854 
1922 313 312 905 
1923 265 264 903 
1924 271 270 904 
1925 312 313 906 
1926 318 319 860 
1927 319 318 907 
1928 360 361 908 
1929 366 367 909 
1930 127 126 910 
1931 174 175 901 
1932 169 168 912 
1933 175 174 913 
1934 217 216 902 
1935 121 120 911 
1936 415 414 909 
1937 409 408 908 
1938 72 73 911 
1939 223 222 901 
1940 222 223 904 
1941 270 271 907 
1942 120 121 912 
1943 126 127 913 
1944 168 169 902 
1945 216 217 903 
1946 78 79 910 
1947 367 366 860 
1948 264 265 905 
1949 361 360 906 
1950 326 325 916 
1951 373 374 918 
1952 374 373 917 
1953 230 229 914 
1954 229 230 915 
1955 278 277 915 
1956 182 181 920 
1957 85 86 919 
1958 134 133 919 
1959 133 134 920 
1960 181 182 914 
1961 422 421 918 
1962 325 326 917 
1963 277 278 916 
1964 310 311 940 
1965 358 359 941 
1966 214 215 938 
1967 263 262 938 
1968 262 263 939 
1969 311 310 939 
1970 70 71 935 
1971 119 118 935 
1972 118 119 936 
1973 166 167 937 
1974 215 214 937 
1975 167 166 936 
1976 407 406 941 
1977 359 358 940 
1978 306 307 947 
1979 307 306 946 
1980 210 211 945 
1981 162 163 944 
1982 354 355 948 
1983 114 115 943 
1984 403 402 948 
1985 66 67 942 
1986 115 114 942 
1987 163 162 943 
1988 211 210 944 
1989 259 258 945 
1990 258 259 946 
1991 355 354 947 
1992 349 350 956 
1993 350 349 955 
1994 110 109 950 
1995 302 301 954 
1996 109 110 951 
1997 206 205 952 
1998 205 206 953 
1999 254 253 953 
2000 158 157 951 
2001 157 158 952 
2002 253 254 954 
2003 61 62 950 
2004 301 302 955 
2005 398 397 956 
2006 352 351 963 
2007 112 111 958 
2008 351 352 964 
2009 304 303 962 
2010 208 207 960 
2011 207 208 961 
2012 256 255 961 
2013 111 112 959 
2014 160 159 959 
2015 159 160 960 
2016 255 256 962 
2017 400 399 964 
2018 63 64 958 
2019 303 304 963 
2020 108 107 974 
2021 347 348 980 
2022 300 299 978 
2023 156 155 975 
2024 204 203 976 
2025 252 251 977 
2026 299 300 979 
2027 348 347 979 
2028 203 204 977 
2029 107 108 975 
2030 251 252 978 
2031 155 156 976 
2032 396 395 980 
2033 59 60 974 
2034 351 350 998 
2035 255 254 996 
2036 303 302 997 
2037 158 159 995 
2038 350 351 999 
2039 399 398 999 
2040 62 63 1000 
2041 111 110 1000 
2042 110 111 1001 
2043 159 158 1001 
2044 206 207 996 
2045 207 206 995 
2046 254 255 997 
2047 302 303 998 
2048 353 354 1006 
2049 306 305 1004 
2050 210 209 1002 
2051 209 210 1003 
2052 258 257 1003 
2053 305 306 1005 
2054 114 113 1007 
2055 162 161 1008 
2056 65 66 1007 
2057 113 114 1008 
2058 354 353 1005 
2059 257 258 1004 
2060 161 162 1002 
2061 402 401 1006 
2062 353 352 1063 
2063 305 304 1060 
2064 348 349 1065 
2065 352 353 1066 
2066 357 358 1067 
2067 310 309 1061 
2068 309 310 1064 
2069 60 61 1069 
2070 204 205 1056 
2071 208 209 1057 
2072 213 214 1058 
2073 301 300 1059 
2074 349 348 1062 
2075 64 65 1070 
2076 69 70 1071 
2077 108 109 1072 
2078 113 112 1070 
2079 112 113 1073 
2080 118 117 1071 
2081 117 118 1074 
2082 156 157 1053 
2083 160 161 1054 
2084 165 166 1055 
2085 157 156 1072 
2086 161 160 1073 
2087 166 165 1074 
2088 205 204 1053 
2089 209 208 1054 
2090 214 213 1055 
2091 253 252 1056 
2092 252 253 1059 
2093 257 256 1057 
2094 262 261 1058 
2095 300 301 1062 
2096 308 307 1092 
2097 261 262 1061 
2098 109 108 1069 
2099 358 357 1064 
2100 406 405 1067 
2101 256 257 1060 
2102 397 396 1065 
2103 401 400 1066 
2104 312 311 1093 
2105 404 403 1097 
2106 311 312 1076 
2107 356 355 1075 
2108 359 360 1098 
2109 212 211 1085 
2110 211 212 1088 
2111 216 215 1086 
2112 215 216 1089 
2113 260 259 1088 
2114 264 263 1089 
2115 304 305 1063 
2116 115 116 1101 
2117 119 120 1102 
2118 67 68 1108 
2119 71 72 1109 
2120 116 115 1108 
2121 120 119 1109 
2122 164 163 1101 
2123 168 167 1102 
2124 163 164 1085 
2125 167 168 1086 
2126 408 407 1098 
2127 263 264 1093 
2128 307 308 1075 
2129 355 356 1097 
2130 360 359 1076 
2131 259 260 1092 
2132 309 308 1113 
2133 356 357 1114 
2134 164 165 1111 
2135 308 309 1110 
2136 117 116 1115 
2137 212 213 1112 
2138 261 260 1112 
2139 116 117 1116 
2140 165 164 1116 
2141 68 69 1115 
2142 325 324 1119 
2143 213 212 1111 
2144 260 261 1113 
2145 357 356 1110 
2146 405 404 1114 
2147 373 372 1120 
2148 228 229 1118 
2149 277 276 1118 
2150 372 373 1121 
2151 421 420 1121 
2152 180 181 1117 
2153 181 180 1123 
2154 229 228 1117 
2155 84 85 1122 
2156 133 132 1122 
2157 132 133 1123 
2158 324 325 1120 
2159 276 277 1119 
2160 743 744 1238 
2161 62 744 1182 
2162 776 427 1215 
2163 712 722 723 
2164 678 680 681 
2165 1017 664 1018 
2166 749 662 750 
2167 432 20 756 
2168 417 418 868 
2169 423 424 807 
2170 430 431 774 
2171 6 96 758 
2172 82 81 872 
2173 88 87 812 
2174 91 90 787 
2175 95 94 785 
2176 419 420 891 
2177 80 79 899 
2178 50 49 1026 
2179 390 391 1015 
2180 55 54 1036 
2181 402 403 949 
2182 397 398 957 
2183 393 394 973 
2184 395 396 981 
2185 400 401 1137 
2186 405 406 1068 
2187 52 51 1105 
2188 63 1182 1183 
2189 709 745 1182 
2190 748 749 1232 
2191 746 733 747 
2192 744 709 1182 
2193 11 1078 1125 
2194 12 14 751 
2195 8 10 760 
2196 18 20 755 
2197 16 18 754 
2198 14 16 753 
2199 10 12 752 
2200 6 8 757 
2201 192 144 760 
2202 336 288 753 
2203 240 192 752 
2204 384 336 754 
2205 288 240 751 
2206 144 96 757 
2207 432 384 755 
2208 241 289 1082 
2209 49 97 1103 
2210 97 145 1099 
2211 193 241 1077 
2212 337 385 1083 
2213 145 193 1081 
2214 289 337 1080 
2215 15 13 1082 
2216 7 5 1103 
2217 9 7 1099 
2218 17 15 1080 
2219 13 11 1077 
2220 19 17 1083 
2221 11 9 1081 
2222 335 287 825 
2223 383 335 795 
2224 191 143 831 
2225 431 383 827 
2226 143 95 829 
2227 239 191 796 
2228 287 239 768 
2229 336 384 795 
2230 288 336 825 
2231 192 240 796 
2232 240 288 768 
2233 144 192 831 
2234 384 432 827 
2235 96 144 829 
2236 193 145 1023 
2237 146 194 1023 
2238 337 289 1020 
2239 289 241 1021 
2240 97 49 1025 
2241 385 337 1019 
2242 145 97 1024 
2243 241 193 1022 
2244 242 290 1021 
2245 50 98 1025 
2246 338 386 1019 
2247 98 146 1024 
2248 194 242 1022 
2249 290 338 1020 
2250 386 338 1031 
2251 98 50 1032 
2252 242 194 1028 
2253 290 242 1029 
2254 194 146 1027 
2255 338 290 1030 
2256 146 98 1033 
2257 51 99 1032 
2258 291 339 1030 
2259 99 147 1033 
2260 339 387 1031 
2261 195 243 1028 
2262 243 291 1029 
2263 147 195 1027 
2264 142 94 784 
2265 334 286 771 
2266 95 143 784 
2267 382 334 772 
2268 287 335 771 
2269 238 190 770 
2270 190 142 783 
2271 430 382 773 
2272 335 383 772 
2273 191 239 770 
2274 286 238 769 
2275 239 287 769 
2276 143 191 783 
2277 383 431 773 
2278 387 339 1049 
2279 340 388 1049 
2280 148 196 1045 
2281 195 147 1045 
2282 52 100 1104 
2283 99 51 1104 
2284 292 340 1094 
2285 243 195 1044 
2286 196 244 1044 
2287 291 243 1047 
2288 244 292 1047 
2289 100 148 1051 
2290 339 291 1094 
2291 147 99 1051 
2292 286 334 923 
2293 190 238 921 
2294 334 382 924 
2295 382 430 925 
2296 142 190 927 
2297 238 286 922 
2298 94 142 926 
2299 333 285 923 
2300 381 333 924 
2301 237 189 921 
2302 429 381 925 
2303 189 141 927 
2304 285 237 922 
2305 141 93 926 
2306 1182 745 1183 
2307 388 340 1096 
2308 341 389 1096 
2309 340 292 1091 
2310 292 244 1090 
2311 149 197 1084 
2312 196 148 1084 
2313 244 196 1087 
2314 197 245 1087 
2315 148 100 1100 
2316 100 52 1106 
2317 293 341 1091 
2318 245 293 1090 
2319 101 149 1100 
2320 53 101 1106 
2321 285 333 931 
2322 189 237 929 
2323 237 285 930 
2324 333 381 928 
2325 381 429 932 
2326 141 189 934 
2327 93 141 933 
2328 332 284 931 
2329 380 332 928 
2330 428 380 932 
2331 188 140 934 
2332 140 92 933 
2333 284 236 930 
2334 236 188 929 
2335 150 198 1037 
2336 102 150 1038 
2337 294 342 1041 
2338 342 390 1042 
2339 198 246 1039 
2340 246 294 1040 
2341 54 102 1043 
2342 197 149 1037 
2343 149 101 1038 
2344 293 245 1040 
2345 389 341 1042 
2346 341 293 1041 
2347 245 197 1039 
2348 101 53 1043 
2349 331 283 790 
2350 139 91 794 
2351 379 331 791 
2352 427 379 792 
2353 187 139 793 
2354 235 187 788 
2355 283 235 789 
2356 284 332 790 
2357 332 380 791 
2358 92 140 794 
2359 380 428 792 
2360 188 236 788 
2361 140 188 793 
2362 236 284 789 
2363 7 9 1125 
2364 11 13 1078 
2365 102 54 1035 
2366 55 103 1035 
2367 295 343 1013 
2368 103 151 1034 
2369 150 102 1034 
2370 342 294 1013 
2371 390 342 1014 
2372 343 391 1014 
2373 294 246 1012 
2374 247 295 1012 
2375 151 199 1010 
2376 198 150 1010 
2377 246 198 1011 
2378 199 247 1011 
2379 139 187 782 
2380 235 283 780 
2381 187 235 781 
2382 379 427 777 
2383 331 379 778 
2384 283 331 779 
2385 91 139 786 
2386 186 138 782 
2387 282 234 780 
2388 234 186 781 
2389 426 378 777 
2390 138 90 786 
2391 330 282 779 
2392 378 330 778 
2393 391 343 1050 
2394 199 151 1009 
2395 247 199 1046 
2396 295 247 1048 
2397 103 55 1107 
2398 151 103 1052 
2399 343 295 1095 
2400 344 392 1050 
2401 152 200 1009 
2402 296 344 1095 
2403 200 248 1046 
2404 248 296 1048 
2405 104 152 1052 
2406 56 104 1107 
2407 137 89 828 
2408 425 377 826 
2409 90 138 828 
2410 377 329 822 
2411 329 281 824 
2412 378 426 826 
2413 185 137 830 
2414 233 185 823 
2415 330 378 822 
2416 282 330 824 
2417 186 234 823 
2418 138 186 830 
2419 281 233 797 
2420 234 282 797 
2421 345 393 993 
2422 105 153 989 
2423 249 297 991 
2424 297 345 992 
2425 201 249 990 
2426 153 201 988 
2427 57 105 994 
2428 152 104 989 
2429 392 344 993 
2430 344 296 992 
2431 200 152 988 
2432 104 56 994 
2433 296 248 991 
2434 248 200 990 
2435 424 376 808 
2436 328 280 803 
2437 184 136 810 
2438 136 88 814 
2439 376 328 805 
2440 232 184 799 
2441 185 233 799 
2442 377 425 808 
2443 281 329 803 
2444 137 185 810 
2445 233 281 798 
2446 89 137 814 
2447 280 232 798 
2448 329 377 805 
2449 393 345 972 
2450 346 394 972 
2451 154 202 968 
2452 105 57 966 
2453 58 106 966 
2454 153 105 967 
2455 106 154 967 
2456 249 201 969 
2457 202 250 969 
2458 297 249 970 
2459 250 298 970 
2460 345 297 971 
2461 298 346 971 
2462 201 153 968 
2463 376 424 806 
2464 184 232 800 
2465 136 184 809 
2466 280 328 802 
2467 328 376 804 
2468 232 280 801 
2469 88 136 811 
2470 423 375 806 
2471 183 135 809 
2472 327 279 802 
2473 375 327 804 
2474 135 87 811 
2475 231 183 800 
2476 279 231 801 
2477 394 346 985 
2478 298 250 984 
2479 346 298 982 
2480 250 202 983 
2481 202 154 986 
2482 299 347 982 
2483 106 58 965 
2484 154 106 987 
2485 347 395 985 
2486 251 299 984 
2487 155 203 986 
2488 203 251 983 
2489 107 155 987 
2490 59 107 965 
2491 422 374 819 
2492 230 182 815 
2493 326 278 817 
2494 327 375 818 
2495 375 423 819 
2496 183 231 815 
2497 279 327 817 
2498 231 279 816 
2499 135 183 821 
2500 134 86 820 
2501 87 135 820 
2502 182 134 821 
2503 374 326 818 
2504 278 230 816 
2505 322 370 863 
2506 178 226 866 
2507 179 227 874 
2508 226 274 865 
2509 274 322 864 
2510 370 418 867 
2511 129 81 871 
2512 82 130 871 
2513 83 131 882 
2514 177 129 870 
2515 130 178 870 
2516 224 176 873 
2517 272 224 875 
2518 320 272 877 
2519 368 320 862 
2520 416 368 880 
2521 128 80 884 
2522 176 128 885 
2523 225 177 866 
2524 273 225 865 
2525 227 275 876 
2526 321 273 864 
2527 275 323 878 
2528 369 321 863 
2529 323 371 879 
2530 417 369 867 
2531 371 419 881 
2532 131 179 883 
2533 173 221 765 
2534 268 220 764 
2535 125 173 766 
2536 220 172 765 
2537 221 269 764 
2538 316 268 763 
2539 269 317 763 
2540 364 316 762 
2541 317 365 762 
2542 412 364 761 
2543 365 413 761 
2544 124 76 767 
2545 77 125 767 
2546 172 124 766 
2547 321 369 862 
2548 177 225 873 
2549 81 129 884 
2550 130 82 882 
2551 129 177 885 
2552 226 178 874 
2553 225 273 875 
2554 274 226 876 
2555 273 321 877 
2556 322 274 878 
2557 370 322 879 
2558 369 417 880 
2559 418 370 881 
2560 178 130 883 
2561 314 362 833 
2562 170 218 836 
2563 217 169 836 
2564 265 217 835 
2565 218 266 835 
2566 313 265 834 
2567 266 314 834 
2568 409 361 832 
2569 362 410 832 
2570 121 73 837 
2571 74 122 837 
2572 122 170 838 
2573 361 313 833 
2574 169 121 838 
2575 125 77 844 
2576 269 221 840 
2577 317 269 842 
2578 365 317 839 
2579 318 366 839 
2580 413 365 843 
2581 173 125 845 
2582 126 174 845 
2583 221 173 841 
2584 174 222 841 
2585 222 270 840 
2586 270 318 842 
2587 366 414 843 
2588 78 126 844 
2589 316 364 849 
2590 123 75 851 
2591 171 123 852 
2592 172 220 846 
2593 267 219 847 
2594 219 171 846 
2595 315 267 848 
2596 268 316 848 
2597 363 315 849 
2598 411 363 850 
2599 364 412 850 
2600 76 124 851 
2601 124 172 852 
2602 220 268 847 
2603 275 227 888 
2604 227 179 887 
2605 323 275 889 
2606 371 323 886 
2607 419 371 890 
2608 131 83 892 
2609 179 131 893 
2610 324 372 886 
2611 180 228 887 
2612 132 180 893 
2613 84 132 892 
2614 276 324 889 
2615 372 420 890 
2616 228 276 888 
2617 176 224 894 
2618 320 368 861 
2619 80 128 898 
2620 128 176 900 
2621 224 272 895 
2622 272 320 896 
2623 368 416 897 
2624 271 223 895 
2625 319 271 896 
2626 415 367 897 
2627 127 79 898 
2628 175 127 900 
2629 223 175 894 
2630 367 319 861 
2631 171 219 854 
2632 315 363 853 
2633 123 171 859 
2634 75 123 858 
2635 267 315 856 
2636 363 411 857 
2637 266 218 855 
2638 219 267 855 
2639 314 266 856 
2640 410 362 857 
2641 122 74 858 
2642 218 170 854 
2643 362 314 853 
2644 170 122 859 
2645 126 78 910 
2646 270 222 904 
2647 319 367 860 
2648 174 126 913 
2649 313 361 906 
2650 318 270 907 
2651 414 366 909 
2652 264 216 903 
2653 217 265 903 
2654 312 264 905 
2655 265 313 905 
2656 408 360 908 
2657 361 409 908 
2658 120 72 911 
2659 73 121 911 
2660 168 120 912 
2661 121 169 912 
2662 216 168 902 
2663 169 217 902 
2664 360 312 906 
2665 222 174 901 
2666 175 223 901 
2667 271 319 907 
2668 366 318 860 
2669 367 415 909 
2670 127 175 913 
2671 223 271 904 
2672 79 127 910 
2673 373 325 917 
2674 133 85 919 
2675 181 133 920 
2676 229 181 914 
2677 277 229 915 
2678 325 277 916 
2679 421 373 918 
2680 182 230 914 
2681 230 278 915 
2682 278 326 916 
2683 374 422 918 
2684 326 374 917 
2685 134 182 920 
2686 86 134 919 
2687 71 119 935 
2688 359 407 941 
2689 214 166 937 
2690 167 215 937 
2691 262 214 938 
2692 215 263 938 
2693 310 262 939 
2694 263 311 939 
2695 358 310 940 
2696 311 359 940 
2697 406 358 941 
2698 166 118 936 
2699 119 167 936 
2700 118 70 935 
2701 307 355 947 
2702 163 211 944 
2703 115 163 943 
2704 259 307 946 
2705 355 403 948 
2706 67 115 942 
2707 211 259 945 
2708 258 210 945 
2709 210 162 944 
2710 306 258 946 
2711 354 306 947 
2712 402 354 948 
2713 114 66 942 
2714 162 114 943 
2715 205 157 952 
2716 253 205 953 
2717 206 254 953 
2718 301 253 954 
2719 254 302 954 
2720 349 301 955 
2721 397 349 956 
2722 350 398 956 
2723 109 61 950 
2724 157 109 951 
2725 302 350 955 
2726 158 206 952 
2727 62 110 950 
2728 110 158 951 
2729 255 207 961 
2730 303 255 962 
2731 351 303 963 
2732 399 351 964 
2733 160 208 960 
2734 112 160 959 
2735 207 159 960 
2736 111 63 958 
2737 64 112 958 
2738 159 111 959 
2739 304 352 963 
2740 208 256 961 
2741 256 304 962 
2742 352 400 964 
2743 156 204 976 
2744 107 59 974 
2745 251 203 977 
2746 299 251 978 
2747 347 299 979 
2748 395 347 980 
2749 155 107 975 
2750 300 348 979 
2751 60 108 974 
2752 108 156 975 
2753 203 155 976 
2754 204 252 977 
2755 252 300 978 
2756 348 396 980 
2757 303 351 998 
2758 63 111 1000 
2759 111 159 1001 
2760 159 207 995 
2761 207 255 996 
2762 255 303 997 
2763 351 399 999 
2764 206 158 995 
2765 254 206 996 
2766 302 254 997 
2767 110 62 1000 
2768 158 110 1001 
2769 350 302 998 
2770 398 350 999 
2771 301 349 1062 
2772 157 205 1053 
2773 325 373 1120 
2774 181 229 1117 
2775 114 162 1008 
2776 66 114 1007 
2777 208 160 1054 
2778 209 161 1002 
2779 205 253 1056 
2780 256 208 1057 
2781 210 258 1003 
2782 229 277 1118 
2783 253 301 1059 
2784 304 256 1060 
2785 258 306 1004 
2786 277 325 1119 
2787 352 304 1063 
2788 306 354 1005 
2789 349 397 1065 
2790 400 352 1066 
2791 354 402 1006 
2792 373 421 1121 
2793 61 109 1069 
2794 112 64 1070 
2795 85 133 1122 
2796 109 157 1072 
2797 160 112 1073 
2798 133 181 1123 
2799 353 305 1005 
2800 162 210 1002 
2801 113 65 1007 
2802 161 113 1008 
2803 257 209 1003 
2804 305 257 1004 
2805 401 353 1006 
2806 213 165 1055 
2807 261 213 1058 
2808 309 261 1061 
2809 357 309 1064 
2810 405 357 1067 
2811 117 69 1071 
2812 165 117 1074 
2813 118 166 1074 
2814 211 163 1085 
2815 166 214 1055 
2816 259 211 1088 
2817 214 262 1058 
2818 307 259 1092 
2819 262 310 1061 
2820 355 307 1075 
2821 310 358 1064 
2822 403 355 1097 
2823 358 406 1067 
2824 115 67 1108 
2825 70 118 1071 
2826 163 115 1101 
2827 312 360 1076 
2828 168 216 1086 
2829 215 167 1086 
2830 213 261 1112 
2831 216 264 1089 
2832 261 309 1113 
2833 311 263 1093 
2834 264 312 1093 
2835 309 357 1110 
2836 357 405 1114 
2837 407 359 1098 
2838 360 408 1098 
2839 119 71 1109 
2840 72 120 1109 
2841 120 168 1102 
2842 167 119 1102 
2843 263 215 1089 
2844 359 311 1076 
2845 164 212 1085 
2846 165 213 1111 
2847 116 164 1101 
2848 117 165 1116 
2849 68 116 1108 
2850 69 117 1115 
2851 212 260 1088 
2852 260 308 1092 
2853 356 404 1097 
2854 212 164 1111 
2855 305 353 1063 
2856 308 356 1075 
2857 356 308 1110 
2858 116 68 1115 
2859 164 116 1116 
2860 161 209 1054 
2861 113 161 1073 
2862 108 60 1069 
2863 65 113 1070 
2864 252 204 1056 
2865 209 257 1057 
2866 260 212 1112 
2867 300 252 1059 
2868 257 305 1060 
2869 308 260 1113 
2870 396 348 1065 
2871 353 401 1066 
2872 404 356 1114 
2873 156 108 1072 
2874 204 156 1053 
2875 348 300 1062 
2876 132 84 1122 
2877 228 180 1117 
2878 276 228 1118 
2879 324 276 1119 
2880 372 324 1120 
2881 420 372 1121 
2882 180 132 1123 
2883 481 483 486 
2884 486 485 488 
2885 624 626 667 
$EndElements
